# Blender 5.2.2 LTS
# www.blender.org
mtllib StaircasePole.mtl
o StaircasePole
v -1.000000 -16.000000 0.000002
v -1.000000 46.000000 -0.000003
v -0.923879 -16.000000 0.382684
v -0.923880 46.000000 0.382680
v -0.707107 -16.000000 0.707109
v -0.707107 46.000000 0.707104
v -0.382683 -16.000000 0.923882
v -0.382684 46.000000 0.923877
v -0.000000 -16.000000 1.000001
v -0.000000 46.000000 0.999996
v 0.382683 -16.000000 0.923882
v 0.382683 46.000000 0.923877
v 0.707107 -16.000000 0.707109
v 0.707107 46.000000 0.707104
v 0.923880 -16.000000 0.382684
v 0.923879 46.000000 0.382680
v 1.000000 -16.000000 0.000002
v 1.000000 46.000000 -0.000003
v 0.923880 -16.000000 -0.382681
v 0.923879 46.000000 -0.382686
v 0.707107 -16.000000 -0.707104
v 0.707107 46.000000 -0.707109
v 0.382683 -16.000000 -0.923878
v 0.382683 46.000000 -0.923883
v -0.000000 -16.000000 -0.999998
v -0.000000 46.000000 -1.000003
v -0.382684 -16.000000 -0.923878
v -0.382684 46.000000 -0.923883
v -0.707107 -16.000000 -0.707106
v -0.707107 46.000000 -0.707111
v -0.923880 -16.000000 -0.382681
v -0.923880 46.000000 -0.382686
v -0.000000 -16.000000 0.000002
v -0.000000 46.000000 -0.000003
v 1.000795 15.790000 -0.018751
v 1.000795 16.209999 -0.018751
v 2.400795 15.790000 -0.018751
v 2.400795 16.209999 -0.018751
v 1.000795 19.790001 0.021000
v 1.000795 20.209999 0.021000
v 1.000795 19.790001 -0.021000
v 1.000795 20.209999 -0.021000
v 2.400795 19.790001 0.021000
v 2.400795 20.209999 0.021000
v 2.400795 19.790001 -0.021000
v 2.400795 20.209999 -0.021000
v -2.400984 17.790001 0.021000
v -2.400984 18.209999 0.021000
v -2.400984 17.790001 -0.021000
v -2.400984 18.209999 -0.021000
v -1.000984 17.790001 0.021000
v -1.000984 18.209999 0.021000
v -1.000984 17.790001 -0.021000
v -1.000984 18.209999 -0.021000
v 0.026642 16.790001 -0.997550
v 0.026642 17.210001 -0.997550
v -0.015358 16.790001 -0.997550
v -0.015358 17.210001 -0.997550
v 0.026642 16.790001 -2.397550
v 0.026642 17.210001 -2.397550
v -0.015358 16.790001 -2.397550
v -0.015358 17.210001 -2.397550
v 0.026642 18.790001 2.401248
v 0.026642 19.209999 2.401248
v -0.015358 18.790001 2.401248
v -0.015358 19.209999 2.401248
v 0.026642 18.790001 1.001248
v 0.026642 19.209999 1.001248
v -0.015358 18.790001 1.001248
v -0.015358 19.209999 1.001248
v 1.000795 23.790001 0.021000
v 1.000795 24.209999 0.021000
v 1.000795 23.790001 -0.021000
v 1.000795 24.209999 -0.021000
v 2.400795 23.790001 0.021000
v 2.400795 24.209999 0.021000
v 2.400795 23.790001 -0.021000
v 2.400795 24.209999 -0.021000
v -2.400984 21.790001 0.021000
v -2.400984 22.209999 0.021000
v -2.400984 21.790001 -0.021000
v -2.400984 22.209999 -0.021000
v -1.000984 21.790001 0.021000
v -1.000984 22.209999 0.021000
v -1.000984 21.790001 -0.021000
v -1.000984 22.209999 -0.021000
v 0.026642 20.790001 -0.997550
v 0.026642 21.210001 -0.997550
v -0.015358 20.790001 -0.997550
v -0.015358 21.210001 -0.997550
v 0.026642 20.790001 -2.397550
v 0.026642 21.210001 -2.397550
v -0.015358 20.790001 -2.397550
v -0.015358 21.210001 -2.397550
v 0.026642 22.790001 2.401248
v 0.026642 23.209999 2.401248
v -0.015358 22.790001 2.401248
v -0.015358 23.209999 2.401248
v 0.026642 22.790001 1.001248
v 0.026642 23.209999 1.001248
v -0.015358 22.790001 1.001248
v -0.015358 23.209999 1.001248
v 1.000795 27.790001 0.021000
v 1.000795 28.209999 0.021000
v 1.000795 27.790001 -0.021000
v 1.000795 28.209999 -0.021000
v 2.400795 27.790001 0.021000
v 2.400795 28.209999 0.021000
v 2.400795 27.790001 -0.021000
v 2.400795 28.209999 -0.021000
v -2.400984 25.790001 0.021000
v -2.400984 26.210001 0.021000
v -2.400984 25.790001 -0.021000
v -2.400984 26.210001 -0.021000
v -1.000984 25.790001 0.021000
v -1.000984 26.210001 0.021000
v -1.000984 25.790001 -0.021000
v -1.000984 26.210001 -0.021000
v 0.026642 24.790001 -0.997550
v 0.026642 25.209999 -0.997550
v -0.015358 24.790001 -0.997550
v -0.015358 25.209999 -0.997550
v 0.026642 24.790001 -2.397550
v 0.026642 25.209999 -2.397550
v -0.015358 24.790001 -2.397550
v -0.015358 25.209999 -2.397550
v 0.026642 26.790001 2.401248
v 0.026642 27.209999 2.401248
v -0.015358 26.790001 2.401248
v -0.015358 27.209999 2.401248
v 0.026642 26.790001 1.001248
v 0.026642 27.209999 1.001248
v -0.015358 26.790001 1.001248
v -0.015358 27.209999 1.001248
v 1.000795 31.790001 0.021000
v 1.000795 32.209999 0.021000
v 1.000795 31.790001 -0.021000
v 1.000795 32.209999 -0.021000
v 2.400795 31.790001 0.021000
v 2.400795 32.209999 0.021000
v 2.400795 31.790001 -0.021000
v 2.400795 32.209999 -0.021000
v -2.400984 29.790001 0.021000
v -2.400984 30.209999 0.021000
v -2.400984 29.790001 -0.021000
v -2.400984 30.209999 -0.021000
v -1.000984 29.790001 0.021000
v -1.000984 30.209999 0.021000
v -1.000984 29.790001 -0.021000
v -1.000984 30.209999 -0.021000
v 0.026642 28.790001 -0.997550
v 0.026642 29.210001 -0.997550
v -0.015358 28.790001 -0.997550
v -0.015358 29.210001 -0.997550
v 0.026642 28.790001 -2.397550
v 0.026642 29.210001 -2.397550
v -0.015358 28.790001 -2.397550
v -0.015358 29.210001 -2.397550
v 0.026642 30.790001 2.401248
v 0.026642 31.210001 2.401248
v -0.015358 30.790001 2.401248
v -0.015358 31.210001 2.401248
v 0.026642 30.790001 1.001248
v 0.026642 31.210001 1.001248
v -0.015358 30.790001 1.001248
v -0.015358 31.210001 1.001248
v -2.353469 17.714001 -0.305976
v -2.285623 17.622000 -0.591515
v -2.189150 17.518000 -0.873463
v -2.055753 17.406000 -1.147664
v -1.877135 17.290001 -1.409964
v -1.645000 17.174000 -1.656210
v -1.351051 17.062000 -1.882245
v -0.986992 16.958000 -2.083917
v -0.544527 16.866001 -2.257070
v -2.353469 18.134001 -0.305976
v -2.285623 18.042000 -0.591515
v -2.189150 17.938000 -0.873463
v -2.055753 17.826000 -1.147664
v -1.877135 17.709999 -1.409964
v -1.645000 17.594000 -1.656210
v -1.351051 17.482000 -1.882245
v -0.986992 17.378000 -2.083917
v -0.544527 17.285999 -2.257070
v -0.997510 18.134001 -0.150936
v -0.987790 18.042000 -0.276495
v -0.966242 17.938000 -0.396629
v -0.927285 17.826000 -0.510289
v -0.865337 17.709999 -0.616425
v -0.774816 17.594000 -0.713990
v -0.650139 17.482000 -0.801933
v -0.485725 17.378000 -0.879207
v -0.275992 17.285999 -0.944762
v -0.997510 17.714001 -0.150936
v -0.987790 17.622000 -0.276495
v -0.966242 17.518000 -0.396629
v -0.927285 17.406000 -0.510289
v -0.865337 17.290001 -0.616425
v -0.774816 17.174000 -0.713990
v -0.650139 17.062000 -0.801933
v -0.485725 16.958000 -0.879207
v -0.275992 16.865999 -0.944762
v -0.997636 17.866001 0.151315
v -0.988060 17.958000 0.277278
v -0.966656 18.062000 0.397830
v -0.927825 18.174000 0.511911
v -0.865970 18.290001 0.618464
v -0.775490 18.406000 0.716429
v -0.650788 18.518000 0.804749
v -0.486265 18.622000 0.882365
v -0.276321 18.714001 0.948218
v -0.997636 18.285999 0.151315
v -0.988060 18.378000 0.277278
v -0.966656 18.482000 0.397830
v -0.927825 18.594000 0.511911
v -0.865970 18.710001 0.618464
v -0.775490 18.826000 0.716429
v -0.650788 18.938000 0.804749
v -0.486265 19.042000 0.882365
v -0.276321 19.134001 0.948218
v -2.353634 18.285999 0.306385
v -2.285974 18.378000 0.592347
v -2.189687 18.482000 0.874721
v -2.056453 18.594000 1.149347
v -1.877956 18.710001 1.412060
v -1.645876 18.826000 1.658698
v -1.351894 18.938000 1.885099
v -0.987693 19.042000 2.087099
v -0.544954 19.133999 2.260537
v -2.353634 17.866001 0.306385
v -2.285974 17.958000 0.592347
v -2.189687 18.062000 0.874721
v -2.056453 18.174000 1.149347
v -1.877956 18.290001 1.412060
v -1.645876 18.406000 1.658698
v -1.351894 18.518000 1.885099
v -0.987693 18.622000 2.087099
v -0.544954 18.714001 2.260537
v -0.997636 21.866001 0.151315
v -0.988060 21.958000 0.277278
v -0.966656 22.062000 0.397830
v -0.927825 22.174000 0.511911
v -0.865970 22.290001 0.618464
v -0.775490 22.406000 0.716429
v -0.650788 22.518000 0.804749
v -0.486265 22.622000 0.882365
v -0.276321 22.714001 0.948218
v -0.997636 22.285999 0.151315
v -0.988060 22.378000 0.277278
v -0.966656 22.482000 0.397830
v -0.927825 22.594000 0.511911
v -0.865970 22.710001 0.618464
v -0.775490 22.826000 0.716429
v -0.650788 22.938000 0.804749
v -0.486265 23.042000 0.882365
v -0.276321 23.134001 0.948218
v -2.353634 22.285999 0.306385
v -2.285974 22.378000 0.592347
v -2.189687 22.482000 0.874721
v -2.056453 22.594000 1.149347
v -1.877956 22.710001 1.412060
v -1.645876 22.826000 1.658698
v -1.351894 22.938000 1.885099
v -0.987693 23.042000 2.087099
v -0.544954 23.134001 2.260537
v -2.353634 21.866001 0.306385
v -2.285974 21.958000 0.592347
v -2.189687 22.062000 0.874721
v -2.056453 22.174000 1.149347
v -1.877956 22.290001 1.412060
v -1.645876 22.406000 1.658698
v -1.351894 22.518000 1.885099
v -0.987693 22.622000 2.087099
v -0.544954 22.714001 2.260537
v -0.997636 25.866001 0.151315
v -0.988060 25.958000 0.277278
v -0.966655 26.062000 0.397830
v -0.927825 26.174000 0.511911
v -0.865970 26.290001 0.618464
v -0.775490 26.406000 0.716429
v -0.650788 26.518000 0.804749
v -0.486265 26.622002 0.882365
v -0.276321 26.714001 0.948218
v -0.997636 26.285999 0.151315
v -0.988060 26.378000 0.277278
v -0.966655 26.482000 0.397830
v -0.927825 26.594002 0.511911
v -0.865970 26.709999 0.618464
v -0.775490 26.826000 0.716429
v -0.650788 26.938000 0.804749
v -0.486265 27.042000 0.882365
v -0.276321 27.133999 0.948218
v -2.353634 26.285999 0.306385
v -2.285974 26.378000 0.592347
v -2.189687 26.482000 0.874721
v -2.056453 26.594002 1.149347
v -1.877956 26.709999 1.412060
v -1.645876 26.826000 1.658698
v -1.351894 26.938000 1.885099
v -0.987693 27.042000 2.087099
v -0.544954 27.133999 2.260537
v -2.353634 25.866001 0.306385
v -2.285974 25.958000 0.592347
v -2.189687 26.062000 0.874721
v -2.056453 26.174000 1.149347
v -1.877956 26.290001 1.412060
v -1.645876 26.406000 1.658698
v -1.351894 26.518000 1.885099
v -0.987693 26.622002 2.087099
v -0.544954 26.714001 2.260537
v -0.997636 29.866001 0.151316
v -0.988060 29.958000 0.277278
v -0.966656 30.062000 0.397830
v -0.927825 30.174000 0.511911
v -0.865970 30.290001 0.618464
v -0.775491 30.406000 0.716430
v -0.650789 30.518002 0.804749
v -0.486265 30.622002 0.882365
v -0.276321 30.714001 0.948218
v -0.997636 30.285999 0.151316
v -0.988060 30.378000 0.277278
v -0.966656 30.482002 0.397830
v -0.927825 30.594002 0.511911
v -0.865970 30.710001 0.618464
v -0.775491 30.826000 0.716430
v -0.650789 30.938000 0.804749
v -0.486265 31.042000 0.882365
v -0.276321 31.134001 0.948218
v -2.353634 30.285999 0.306385
v -2.285974 30.378000 0.592347
v -2.189687 30.482002 0.874721
v -2.056454 30.594002 1.149347
v -1.877956 30.710001 1.412060
v -1.645876 30.826000 1.658698
v -1.351894 30.938000 1.885099
v -0.987693 31.042000 2.087099
v -0.544954 31.134001 2.260537
v -2.353634 29.866001 0.306385
v -2.285974 29.958000 0.592347
v -2.189687 30.062000 0.874721
v -2.056454 30.174000 1.149347
v -1.877956 30.290001 1.412060
v -1.645876 30.406000 1.658698
v -1.351894 30.518002 1.885099
v -0.987693 30.622002 2.087099
v -0.544954 30.714001 2.260537
v 2.354107 19.865999 -0.305940
v 2.287264 19.958000 -0.591456
v 2.191932 20.062000 -0.873392
v 2.059774 20.174000 -1.147590
v 1.882453 20.290001 -1.409895
v 1.651633 20.406000 -1.656151
v 1.358979 20.518000 -1.882200
v 0.996153 20.622002 -2.083888
v 0.554819 20.714001 -2.257057
v 2.354107 20.285999 -0.305940
v 2.287264 20.378000 -0.591456
v 2.191932 20.482000 -0.873392
v 2.059774 20.594000 -1.147590
v 1.882453 20.709999 -1.409895
v 1.651633 20.826000 -1.656151
v 1.358979 20.938000 -1.882200
v 0.996153 21.042000 -2.083888
v 0.554819 21.134001 -2.257056
v 0.998158 20.285999 -0.150908
v 0.989453 20.378000 -0.276450
v 0.969058 20.482000 -0.396574
v 0.931351 20.594000 -0.510232
v 0.870708 20.709999 -0.616372
v 0.781505 20.826000 -0.713944
v 0.658120 20.938000 -0.801899
v 0.494930 21.042000 -0.879185
v 0.286312 21.134001 -0.944752
v 0.998158 19.865999 -0.150908
v 0.989453 19.958000 -0.276450
v 0.969058 20.062000 -0.396574
v 0.931351 20.174000 -0.510232
v 0.870708 20.290001 -0.616372
v 0.781505 20.406000 -0.713944
v 0.658120 20.518000 -0.801899
v 0.494930 20.622002 -0.879185
v 0.286312 20.714001 -0.944752
v 2.354107 23.866001 -0.305940
v 2.287264 23.958000 -0.591456
v 2.191932 24.062000 -0.873392
v 2.059774 24.174000 -1.147590
v 1.882453 24.290001 -1.409895
v 1.651633 24.406000 -1.656151
v 1.358979 24.518002 -1.882200
v 0.996153 24.622002 -2.083888
v 0.554819 24.714001 -2.257056
v 2.354107 24.285999 -0.305940
v 2.287264 24.378000 -0.591456
v 2.191932 24.482000 -0.873392
v 2.059774 24.594000 -1.147590
v 1.882453 24.709999 -1.409895
v 1.651633 24.826000 -1.656151
v 1.358979 24.938000 -1.882200
v 0.996153 25.042000 -2.083888
v 0.554819 25.134001 -2.257056
v 0.998158 24.285999 -0.150908
v 0.989453 24.378000 -0.276450
v 0.969058 24.482000 -0.396574
v 0.931351 24.594000 -0.510232
v 0.870708 24.709999 -0.616372
v 0.781505 24.826000 -0.713944
v 0.658120 24.938000 -0.801899
v 0.494930 25.042000 -0.879185
v 0.286312 25.134001 -0.944752
v 0.998158 23.866001 -0.150908
v 0.989453 23.958000 -0.276450
v 0.969058 24.062000 -0.396574
v 0.931351 24.174000 -0.510232
v 0.870708 24.290001 -0.616372
v 0.781505 24.406000 -0.713944
v 0.658120 24.518002 -0.801899
v 0.494930 24.622002 -0.879185
v 0.286312 24.714001 -0.944752
v 2.354107 27.866001 -0.305940
v 2.287264 27.958000 -0.591456
v 2.191932 28.062000 -0.873392
v 2.059774 28.174000 -1.147590
v 1.882453 28.290001 -1.409895
v 1.651633 28.406000 -1.656151
v 1.358979 28.518002 -1.882200
v 0.996153 28.622002 -2.083888
v 0.554819 28.714001 -2.257056
v 2.354107 28.285999 -0.305940
v 2.287264 28.378000 -0.591456
v 2.191932 28.482000 -0.873392
v 2.059774 28.594002 -1.147590
v 1.882453 28.710001 -1.409895
v 1.651633 28.826000 -1.656151
v 1.358979 28.938000 -1.882200
v 0.996153 29.042000 -2.083888
v 0.554819 29.134001 -2.257056
v 0.998158 28.285999 -0.150908
v 0.989453 28.378000 -0.276450
v 0.969058 28.482000 -0.396574
v 0.931351 28.594002 -0.510232
v 0.870708 28.710001 -0.616372
v 0.781505 28.826000 -0.713944
v 0.658120 28.938000 -0.801899
v 0.494930 29.042000 -0.879185
v 0.286312 29.134001 -0.944752
v 0.998158 27.866001 -0.150908
v 0.989453 27.958000 -0.276450
v 0.969058 28.062000 -0.396574
v 0.931351 28.174000 -0.510232
v 0.870708 28.290001 -0.616372
v 0.781505 28.406000 -0.713944
v 0.658120 28.518002 -0.801899
v 0.494930 28.622002 -0.879185
v 0.286312 28.714001 -0.944752
v -2.353469 29.714001 -0.305976
v -2.285623 29.622000 -0.591515
v -2.189150 29.518002 -0.873463
v -2.055753 29.406000 -1.147664
v -1.877135 29.290001 -1.409964
v -1.645000 29.174000 -1.656210
v -1.351051 29.062000 -1.882245
v -0.986992 28.958000 -2.083917
v -0.544527 28.866001 -2.257070
v -2.353469 30.133999 -0.305976
v -2.285623 30.042000 -0.591515
v -2.189150 29.938000 -0.873463
v -2.055753 29.826000 -1.147664
v -1.877135 29.709999 -1.409964
v -1.645000 29.594000 -1.656210
v -1.351051 29.482000 -1.882245
v -0.986992 29.378000 -2.083917
v -0.544527 29.285999 -2.257070
v -0.997510 30.133999 -0.150936
v -0.987790 30.042000 -0.276495
v -0.966242 29.938000 -0.396629
v -0.927285 29.826000 -0.510288
v -0.865337 29.709999 -0.616425
v -0.774816 29.594000 -0.713990
v -0.650139 29.482000 -0.801933
v -0.485725 29.378000 -0.879207
v -0.275992 29.285999 -0.944762
v -0.997510 29.714001 -0.150936
v -0.987790 29.622000 -0.276495
v -0.966242 29.518002 -0.396629
v -0.927285 29.406000 -0.510288
v -0.865337 29.290001 -0.616425
v -0.774816 29.174000 -0.713990
v -0.650139 29.062000 -0.801933
v -0.485725 28.958000 -0.879207
v -0.275992 28.866001 -0.944762
v -2.353469 25.714001 -0.305976
v -2.285624 25.622002 -0.591515
v -2.189150 25.518002 -0.873463
v -2.055753 25.406002 -1.147664
v -1.877135 25.290001 -1.409964
v -1.645000 25.174000 -1.656210
v -1.351051 25.062000 -1.882246
v -0.986992 24.958000 -2.083917
v -0.544527 24.866001 -2.257070
v -2.353469 26.134001 -0.305976
v -2.285624 26.042000 -0.591515
v -2.189150 25.938000 -0.873463
v -2.055753 25.826000 -1.147664
v -1.877135 25.710001 -1.409964
v -1.645000 25.594002 -1.656210
v -1.351051 25.482000 -1.882246
v -0.986992 25.378000 -2.083917
v -0.544527 25.285999 -2.257070
v -0.997510 26.134001 -0.150936
v -0.987790 26.042000 -0.276495
v -0.966242 25.938000 -0.396629
v -0.927285 25.826000 -0.510289
v -0.865337 25.710001 -0.616425
v -0.774816 25.594002 -0.713990
v -0.650139 25.482000 -0.801933
v -0.485725 25.378000 -0.879207
v -0.275992 25.285999 -0.944762
v -0.997510 25.714001 -0.150936
v -0.987790 25.622002 -0.276495
v -0.966242 25.518002 -0.396629
v -0.927285 25.406002 -0.510289
v -0.865337 25.290001 -0.616425
v -0.774816 25.174000 -0.713990
v -0.650139 25.062000 -0.801933
v -0.485725 24.958000 -0.879207
v -0.275992 24.866001 -0.944762
v -2.353469 21.714001 -0.305976
v -2.285623 21.622000 -0.591515
v -2.189150 21.518000 -0.873463
v -2.055753 21.406000 -1.147664
v -1.877135 21.290001 -1.409964
v -1.645000 21.174000 -1.656210
v -1.351051 21.062000 -1.882245
v -0.986992 20.958000 -2.083917
v -0.544527 20.866001 -2.257070
v -2.353469 22.134001 -0.305976
v -2.285623 22.042000 -0.591515
v -2.189150 21.938000 -0.873463
v -2.055753 21.826000 -1.147664
v -1.877135 21.709999 -1.409964
v -1.645000 21.594000 -1.656210
v -1.351051 21.482000 -1.882245
v -0.986992 21.378000 -2.083917
v -0.544527 21.285999 -2.257070
v -0.997510 22.134001 -0.150936
v -0.987790 22.042000 -0.276495
v -0.966242 21.938000 -0.396629
v -0.927285 21.826000 -0.510289
v -0.865337 21.709999 -0.616425
v -0.774816 21.594000 -0.713990
v -0.650139 21.482000 -0.801933
v -0.485725 21.378000 -0.879207
v -0.275992 21.285999 -0.944762
v -0.997510 21.714001 -0.150936
v -0.987790 21.622000 -0.276495
v -0.966242 21.518000 -0.396629
v -0.927285 21.406000 -0.510289
v -0.865337 21.290001 -0.616425
v -0.774816 21.174000 -0.713990
v -0.650139 21.062000 -0.801933
v -0.485725 20.958000 -0.879207
v -0.275992 20.866001 -0.944762
v 0.998284 31.714001 0.151288
v 0.989723 31.622000 0.277233
v 0.969472 31.518002 0.397775
v 0.931891 31.406002 0.511854
v 0.871340 31.290001 0.618411
v 0.782180 31.174000 0.716384
v 0.658770 31.062000 0.804715
v 0.495470 30.958002 0.882342
v 0.286641 30.866001 0.948207
v 0.998284 32.133999 0.151288
v 0.989723 32.042000 0.277233
v 0.969472 31.938002 0.397775
v 0.931891 31.826000 0.511854
v 0.871340 31.710001 0.618411
v 0.782180 31.594000 0.716384
v 0.658770 31.482000 0.804715
v 0.495470 31.378002 0.882342
v 0.286641 31.286003 0.948207
v 2.354271 32.133999 0.306350
v 2.287615 32.042000 0.592288
v 2.192469 31.938002 0.874651
v 2.060475 31.826000 1.149273
v 1.883274 31.710001 1.411991
v 1.652509 31.594000 1.658639
v 1.359822 31.482000 1.885054
v 0.996854 31.378002 2.087070
v 0.555246 31.286003 2.260523
v 2.354271 31.714001 0.306350
v 2.287615 31.622000 0.592288
v 2.192469 31.518002 0.874651
v 2.060475 31.406002 1.149273
v 1.883274 31.290001 1.411991
v 1.652509 31.174000 1.658639
v 1.359822 31.062000 1.885054
v 0.996854 30.958002 2.087070
v 0.555246 30.866001 2.260523
v 0.998284 27.714001 0.151288
v 0.989723 27.622002 0.277233
v 0.969472 27.518002 0.397775
v 0.931891 27.406000 0.511854
v 0.871341 27.290001 0.618411
v 0.782180 27.174000 0.716384
v 0.658770 27.062000 0.804715
v 0.495470 26.958000 0.882342
v 0.286641 26.866001 0.948207
v 0.998284 28.134001 0.151288
v 0.989723 28.042000 0.277233
v 0.969472 27.938000 0.397775
v 0.931891 27.826000 0.511854
v 0.871341 27.709999 0.618411
v 0.782180 27.594000 0.716384
v 0.658770 27.482000 0.804715
v 0.495470 27.378000 0.882342
v 0.286641 27.285999 0.948207
v 2.354271 28.134001 0.306350
v 2.287615 28.042000 0.592288
v 2.192469 27.938000 0.874651
v 2.060475 27.826000 1.149273
v 1.883274 27.709999 1.411991
v 1.652509 27.594000 1.658639
v 1.359822 27.482000 1.885054
v 0.996854 27.378000 2.087070
v 0.555246 27.285999 2.260523
v 2.354271 27.714001 0.306350
v 2.287615 27.622002 0.592288
v 2.192469 27.518002 0.874651
v 2.060475 27.406000 1.149273
v 1.883274 27.290001 1.411991
v 1.652509 27.174000 1.658639
v 1.359822 27.062000 1.885054
v 0.996854 26.958000 2.087070
v 0.555246 26.866001 2.260523
v 0.998284 23.714001 0.151288
v 0.989723 23.622000 0.277233
v 0.969472 23.518000 0.397775
v 0.931891 23.406000 0.511854
v 0.871341 23.290001 0.618411
v 0.782180 23.174000 0.716384
v 0.658770 23.062000 0.804715
v 0.495470 22.958000 0.882342
v 0.286641 22.865999 0.948207
v 0.998284 24.134001 0.151288
v 0.989723 24.042000 0.277233
v 0.969472 23.938000 0.397775
v 0.931891 23.826000 0.511854
v 0.871341 23.710001 0.618411
v 0.782180 23.594000 0.716384
v 0.658770 23.482000 0.804715
v 0.495470 23.378000 0.882342
v 0.286641 23.285999 0.948207
v 2.354271 24.134001 0.306350
v 2.287615 24.042000 0.592288
v 2.192469 23.938000 0.874651
v 2.060475 23.826000 1.149273
v 1.883274 23.710001 1.411991
v 1.652509 23.594000 1.658639
v 1.359822 23.482000 1.885054
v 0.996854 23.378000 2.087070
v 0.555246 23.285999 2.260523
v 2.354271 23.714001 0.306350
v 2.287615 23.622000 0.592288
v 2.192469 23.518000 0.874651
v 2.060475 23.406000 1.149273
v 1.883274 23.290001 1.411991
v 1.652509 23.174000 1.658639
v 1.359822 23.062000 1.885054
v 0.996854 22.958000 2.087070
v 0.555246 22.865999 2.260523
v 0.998284 19.714001 0.151288
v 0.989723 19.622000 0.277233
v 0.969472 19.518000 0.397775
v 0.931891 19.406000 0.511854
v 0.871340 19.290001 0.618411
v 0.782180 19.174000 0.716384
v 0.658770 19.062000 0.804715
v 0.495470 18.958000 0.882342
v 0.286641 18.866001 0.948207
v 0.998284 20.134001 0.151288
v 0.989723 20.042000 0.277233
v 0.969472 19.938000 0.397775
v 0.931891 19.826000 0.511854
v 0.871340 19.709999 0.618411
v 0.782180 19.594000 0.716384
v 0.658770 19.482000 0.804715
v 0.495470 19.378000 0.882342
v 0.286641 19.285999 0.948207
v 2.354271 20.134001 0.306350
v 2.287615 20.042000 0.592288
v 2.192469 19.938000 0.874651
v 2.060475 19.826000 1.149273
v 1.883274 19.709999 1.411991
v 1.652509 19.594000 1.658639
v 1.359822 19.482000 1.885054
v 0.996854 19.378000 2.087070
v 0.555246 19.285999 2.260523
v 2.354271 19.714001 0.306350
v 2.287615 19.622000 0.592288
v 2.192469 19.518000 0.874651
v 2.060475 19.406000 1.149273
v 1.883274 19.290001 1.411991
v 1.652509 19.174000 1.658639
v 1.359822 19.062000 1.885054
v 0.996854 18.958000 2.087070
v 0.555246 18.865999 2.260523
v 1.000795 -0.210000 0.210000
v 1.000795 0.209999 0.210000
v 1.000795 -0.210000 -0.210000
v 1.000795 0.209999 -0.210000
v 2.400795 -0.210000 0.210000
v 2.400795 0.209999 0.210000
v 2.400795 -0.210000 -0.210000
v 2.400795 0.209999 -0.210000
v 1.000795 3.790000 0.021000
v 1.000795 4.210000 0.021000
v 1.000795 3.790000 -0.021000
v 1.000795 4.210000 -0.021000
v 2.400795 3.790000 0.021000
v 2.400795 4.210000 0.021000
v 2.400795 3.790000 -0.021000
v 2.400795 4.210000 -0.021000
v -2.400985 1.790000 0.021000
v -2.400985 2.210000 0.021000
v -2.400985 1.790000 -0.021000
v -2.400985 2.210000 -0.021000
v -1.000984 1.790000 0.021000
v -1.000984 2.210000 0.021000
v -1.000984 1.790000 -0.021000
v -1.000984 2.210000 -0.021000
v 0.026642 0.789999 -0.997550
v 0.026642 1.209999 -0.997550
v -0.015358 0.789999 -0.997550
v -0.015358 1.209999 -0.997550
v 0.026642 0.789999 -2.397550
v 0.026642 1.209999 -2.397550
v -0.015358 0.789999 -2.397550
v -0.015358 1.209999 -2.397550
v 0.026642 2.789999 2.401248
v 0.026642 3.209999 2.401248
v -0.015358 2.789999 2.401248
v -0.015358 3.209999 2.401248
v 0.026642 2.789999 1.001248
v 0.026642 3.209999 1.001248
v -0.015358 2.789999 1.001248
v -0.015358 3.209999 1.001248
v 1.000795 7.790000 0.021000
v 1.000795 8.209999 0.021000
v 1.000795 7.790000 -0.021000
v 1.000795 8.209999 -0.021000
v 2.400795 7.790000 0.021000
v 2.400795 8.209999 0.021000
v 2.400795 7.790000 -0.021000
v 2.400795 8.209999 -0.021000
v -2.400985 5.789999 0.021000
v -2.400985 6.209999 0.021000
v -2.400985 5.789999 -0.021000
v -2.400985 6.209999 -0.021000
v -1.000984 5.789999 0.021000
v -1.000984 6.209999 0.021000
v -1.000984 5.789999 -0.021000
v -1.000984 6.209999 -0.021000
v 0.026642 4.790000 -0.997550
v 0.026642 5.210000 -0.997550
v -0.015358 4.790000 -0.997550
v -0.015358 5.210000 -0.997550
v 0.026642 4.790000 -2.397550
v 0.026642 5.210000 -2.397550
v -0.015358 4.790000 -2.397550
v -0.015358 5.210000 -2.397550
v 0.026642 6.790000 2.401248
v 0.026642 7.209999 2.401248
v -0.015358 6.790000 2.401248
v -0.015358 7.209999 2.401248
v 0.026642 6.790000 1.001248
v 0.026642 7.209999 1.001248
v -0.015358 6.790000 1.001248
v -0.015358 7.209999 1.001248
v 1.000795 11.790000 0.021000
v 1.000795 12.210000 0.021000
v 1.000795 11.790000 -0.021000
v 1.000795 12.210000 -0.021000
v 2.400795 11.790000 0.021000
v 2.400795 12.210000 0.021000
v 2.400795 11.790000 -0.021000
v 2.400795 12.210000 -0.021000
v -2.400985 9.790001 0.021000
v -2.400985 10.210000 0.021000
v -2.400985 9.790001 -0.021000
v -2.400985 10.210000 -0.021000
v -1.000984 9.790001 0.021000
v -1.000984 10.210000 0.021000
v -1.000984 9.790001 -0.021000
v -1.000984 10.210000 -0.021000
v 0.026642 8.790000 -0.997550
v 0.026642 9.210000 -0.997550
v -0.015358 8.790000 -0.997550
v -0.015358 9.210000 -0.997550
v 0.026642 8.790000 -2.397550
v 0.026642 9.210000 -2.397550
v -0.015358 8.790000 -2.397550
v -0.015358 9.210000 -2.397550
v 0.026642 10.789999 2.401248
v 0.026642 11.209999 2.401248
v -0.015358 10.789999 2.401248
v -0.015358 11.209999 2.401248
v 0.026642 10.789999 1.001248
v 0.026642 11.209999 1.001248
v -0.015358 10.789999 1.001248
v -0.015358 11.209999 1.001248
v 1.000795 15.790000 0.021000
v 1.000795 16.209999 0.021000
v 1.000795 15.790000 -0.021000
v 1.000795 16.209999 -0.021000
v 2.400795 15.790000 0.021000
v 2.400795 16.209999 0.021000
v 2.400795 15.790000 -0.021000
v 2.400795 16.209999 -0.021000
v -2.400985 13.789999 0.021000
v -2.400985 14.209999 0.021000
v -2.400985 13.789999 -0.021000
v -2.400985 14.209999 -0.021000
v -1.000984 13.789999 0.021000
v -1.000984 14.209999 0.021000
v -1.000984 13.789999 -0.021000
v -1.000984 14.209999 -0.021000
v 0.026642 12.790000 -0.997550
v 0.026642 13.210000 -0.997550
v -0.015358 12.790000 -0.997550
v -0.015358 13.210000 -0.997550
v 0.026642 12.790001 -2.397550
v 0.026642 13.210000 -2.397550
v -0.015358 12.790001 -2.397550
v -0.015358 13.210000 -2.397550
v 0.026642 14.790000 2.401248
v 0.026642 15.210000 2.401248
v -0.015358 14.790000 2.401248
v -0.015358 15.210000 2.401248
v 0.026642 14.790001 1.001248
v 0.026642 15.210001 1.001248
v -0.015358 14.790001 1.001248
v -0.015358 15.210001 1.001248
v 2.345786 -0.134000 -0.474086
v 2.269513 -0.042001 -0.738054
v 2.164751 0.061998 -0.998170
v 2.024271 0.174001 -1.250701
v 1.840848 0.289999 -1.491914
v 1.607255 0.406000 -1.718076
v 1.316265 0.518000 -1.925454
v 0.960650 0.622000 -2.110314
v 0.533185 0.714000 -2.268924
v 2.345786 0.286000 -0.474086
v 2.269513 0.378000 -0.738054
v 2.164751 0.481998 -0.998170
v 2.024271 0.593999 -1.250701
v 1.840848 0.709999 -1.491914
v 1.607255 0.826000 -1.718076
v 1.316265 0.938000 -1.925454
v 0.960650 1.042000 -2.110314
v 0.533185 1.134000 -2.268924
v 0.992060 0.286000 -0.320788
v 0.976444 0.378000 -0.425893
v 0.949139 0.481998 -0.524776
v 0.905334 0.593999 -0.616900
v 0.840219 0.709999 -0.701725
v 0.748984 0.826000 -0.778715
v 0.626819 0.938000 -0.847331
v 0.468913 1.042000 -0.907034
v 0.270458 1.134000 -0.957287
v 0.992060 -0.134000 -0.320788
v 0.976444 -0.042001 -0.425893
v 0.949139 0.061998 -0.524776
v 0.905334 0.174001 -0.616900
v 0.840219 0.289999 -0.701725
v 0.748984 0.406000 -0.778715
v 0.626819 0.518000 -0.847331
v 0.468913 0.622000 -0.907034
v 0.270458 0.714000 -0.957287
v -2.353470 1.714000 -0.305976
v -2.285624 1.622000 -0.591515
v -2.189150 1.517999 -0.873463
v -2.055753 1.405999 -1.147664
v -1.877135 1.290000 -1.409964
v -1.645000 1.174000 -1.656210
v -1.351051 1.062000 -1.882245
v -0.986993 0.957999 -2.083917
v -0.544527 0.865999 -2.257070
v -2.353470 2.133999 -0.305976
v -2.285624 2.041999 -0.591515
v -2.189150 1.937999 -0.873463
v -2.055753 1.825999 -1.147664
v -1.877135 1.709999 -1.409964
v -1.645000 1.594000 -1.656210
v -1.351051 1.481999 -1.882245
v -0.986993 1.377999 -2.083917
v -0.544527 1.285999 -2.257070
v -0.997510 2.133999 -0.150936
v -0.987790 2.041999 -0.276495
v -0.966243 1.937999 -0.396629
v -0.927286 1.825999 -0.510289
v -0.865338 1.709999 -0.616425
v -0.774816 1.594000 -0.713990
v -0.650139 1.481999 -0.801933
v -0.485725 1.377999 -0.879207
v -0.275992 1.285999 -0.944762
v -0.997510 1.714000 -0.150936
v -0.987790 1.622000 -0.276495
v -0.966243 1.517999 -0.396629
v -0.927286 1.405999 -0.510289
v -0.865338 1.290000 -0.616425
v -0.774816 1.174000 -0.713990
v -0.650139 1.062000 -0.801933
v -0.485725 0.957999 -0.879207
v -0.275992 0.865999 -0.944762
v -0.997636 1.865999 0.151315
v -0.988060 1.957999 0.277278
v -0.966656 2.061999 0.397830
v -0.927826 2.173999 0.511911
v -0.865970 2.290000 0.618464
v -0.775491 2.406000 0.716429
v -0.650789 2.518000 0.804749
v -0.486265 2.622000 0.882365
v -0.276321 2.714000 0.948218
v -0.997636 2.285999 0.151315
v -0.988060 2.377999 0.277278
v -0.966656 2.481999 0.397830
v -0.927826 2.593999 0.511911
v -0.865970 2.710000 0.618464
v -0.775491 2.825999 0.716429
v -0.650789 2.938000 0.804749
v -0.486265 3.042000 0.882365
v -0.276321 3.134000 0.948218
v -2.353634 2.285999 0.306385
v -2.285974 2.377999 0.592347
v -2.189687 2.481999 0.874721
v -2.056454 2.593999 1.149347
v -1.877956 2.710000 1.412060
v -1.645876 2.825999 1.658698
v -1.351895 2.938000 1.885099
v -0.987693 3.042000 2.087099
v -0.544954 3.134000 2.260537
v -2.353634 1.865999 0.306385
v -2.285974 1.957999 0.592347
v -2.189687 2.061999 0.874721
v -2.056454 2.173999 1.149347
v -1.877956 2.290000 1.412060
v -1.645876 2.406000 1.658698
v -1.351895 2.518000 1.885099
v -0.987693 2.622000 2.087099
v -0.544954 2.714000 2.260537
v -0.997636 5.866000 0.151315
v -0.988060 5.958000 0.277278
v -0.966656 6.062000 0.397830
v -0.927825 6.174000 0.511911
v -0.865970 6.290000 0.618464
v -0.775491 6.405999 0.716429
v -0.650789 6.518000 0.804749
v -0.486265 6.622000 0.882365
v -0.276321 6.714000 0.948218
v -0.997636 6.286000 0.151315
v -0.988060 6.378000 0.277278
v -0.966656 6.482000 0.397830
v -0.927825 6.594000 0.511911
v -0.865970 6.710000 0.618464
v -0.775491 6.825999 0.716429
v -0.650789 6.938000 0.804749
v -0.486265 7.042000 0.882365
v -0.276321 7.134000 0.948218
v -2.353634 6.286000 0.306385
v -2.285974 6.378000 0.592347
v -2.189687 6.482000 0.874721
v -2.056454 6.594000 1.149347
v -1.877956 6.710000 1.412060
v -1.645876 6.825999 1.658698
v -1.351895 6.938000 1.885099
v -0.987693 7.042000 2.087099
v -0.544954 7.134000 2.260537
v -2.353634 5.866000 0.306385
v -2.285974 5.958000 0.592347
v -2.189687 6.062000 0.874721
v -2.056454 6.174000 1.149347
v -1.877956 6.290000 1.412060
v -1.645876 6.405999 1.658698
v -1.351895 6.518000 1.885099
v -0.987693 6.622000 2.087099
v -0.544954 6.714000 2.260537
v -0.997636 9.866000 0.151315
v -0.988060 9.958000 0.277278
v -0.966656 10.062000 0.397830
v -0.927825 10.174000 0.511911
v -0.865970 10.290000 0.618464
v -0.775491 10.406000 0.716429
v -0.650789 10.518000 0.804749
v -0.486265 10.622000 0.882365
v -0.276321 10.714000 0.948218
v -0.997636 10.286000 0.151315
v -0.988060 10.378000 0.277278
v -0.966656 10.482000 0.397830
v -0.927825 10.594000 0.511911
v -0.865970 10.710000 0.618464
v -0.775491 10.826000 0.716429
v -0.650789 10.938000 0.804749
v -0.486265 11.042000 0.882365
v -0.276321 11.134000 0.948218
v -2.353634 10.286000 0.306385
v -2.285974 10.378000 0.592347
v -2.189687 10.482000 0.874721
v -2.056454 10.594000 1.149347
v -1.877956 10.710000 1.412060
v -1.645876 10.826000 1.658698
v -1.351895 10.938000 1.885099
v -0.987693 11.042000 2.087099
v -0.544954 11.134000 2.260537
v -2.353634 9.866000 0.306385
v -2.285974 9.958000 0.592347
v -2.189687 10.062000 0.874721
v -2.056454 10.174000 1.149347
v -1.877956 10.290000 1.412060
v -1.645876 10.406000 1.658698
v -1.351895 10.518000 1.885099
v -0.987693 10.622000 2.087099
v -0.544954 10.714000 2.260537
v -0.997636 13.866000 0.151316
v -0.988060 13.958000 0.277278
v -0.966656 14.062000 0.397830
v -0.927826 14.174001 0.511911
v -0.865970 14.290001 0.618464
v -0.775491 14.406000 0.716430
v -0.650789 14.518000 0.804749
v -0.486265 14.622000 0.882365
v -0.276321 14.714000 0.948218
v -0.997636 14.286000 0.151316
v -0.988060 14.378000 0.277278
v -0.966656 14.482000 0.397830
v -0.927826 14.594000 0.511911
v -0.865970 14.710001 0.618464
v -0.775491 14.826000 0.716430
v -0.650789 14.938000 0.804749
v -0.486265 15.042000 0.882365
v -0.276321 15.134000 0.948218
v -2.353634 14.286000 0.306385
v -2.285974 14.378000 0.592347
v -2.189687 14.482000 0.874721
v -2.056454 14.594000 1.149347
v -1.877956 14.710001 1.412060
v -1.645876 14.825999 1.658698
v -1.351895 14.938000 1.885099
v -0.987693 15.042000 2.087099
v -0.544954 15.134000 2.260537
v -2.353634 13.866000 0.306385
v -2.285974 13.958000 0.592347
v -2.189687 14.062000 0.874721
v -2.056454 14.174000 1.149347
v -1.877956 14.290001 1.412060
v -1.645876 14.406000 1.658698
v -1.351895 14.518000 1.885099
v -0.987693 14.622000 2.087099
v -0.544954 14.714000 2.260537
v 2.354107 3.865999 -0.305940
v 2.287264 3.957999 -0.591456
v 2.191932 4.061999 -0.873392
v 2.059774 4.174000 -1.147590
v 1.882453 4.290000 -1.409895
v 1.651633 4.406000 -1.656151
v 1.358979 4.518000 -1.882200
v 0.996153 4.622000 -2.083888
v 0.554819 4.714000 -2.257056
v 2.354107 4.285999 -0.305940
v 2.287264 4.377999 -0.591456
v 2.191932 4.481999 -0.873392
v 2.059774 4.594000 -1.147590
v 1.882453 4.710000 -1.409895
v 1.651633 4.826000 -1.656151
v 1.358979 4.938000 -1.882200
v 0.996153 5.042000 -2.083888
v 0.554819 5.134000 -2.257056
v 0.998157 4.285999 -0.150908
v 0.989453 4.377999 -0.276450
v 0.969058 4.481999 -0.396574
v 0.931351 4.594000 -0.510232
v 0.870708 4.710000 -0.616372
v 0.781505 4.826000 -0.713944
v 0.658120 4.938000 -0.801899
v 0.494930 5.042000 -0.879185
v 0.286312 5.134000 -0.944752
v 0.998157 3.865999 -0.150908
v 0.989453 3.957999 -0.276450
v 0.969058 4.061999 -0.396574
v 0.931351 4.174000 -0.510232
v 0.870708 4.290000 -0.616372
v 0.781505 4.406000 -0.713944
v 0.658120 4.518000 -0.801899
v 0.494930 4.622000 -0.879185
v 0.286312 4.714000 -0.944752
v 2.354107 7.865999 -0.305940
v 2.287264 7.957999 -0.591456
v 2.191932 8.062000 -0.873392
v 2.059774 8.174000 -1.147590
v 1.882453 8.289999 -1.409895
v 1.651633 8.406000 -1.656151
v 1.358979 8.518000 -1.882200
v 0.996153 8.622000 -2.083888
v 0.554819 8.714001 -2.257056
v 2.354107 8.285999 -0.305940
v 2.287264 8.378000 -0.591456
v 2.191932 8.482000 -0.873392
v 2.059774 8.594000 -1.147590
v 1.882453 8.709999 -1.409895
v 1.651633 8.826000 -1.656151
v 1.358979 8.938000 -1.882200
v 0.996153 9.042000 -2.083888
v 0.554819 9.134001 -2.257056
v 0.998157 8.285999 -0.150908
v 0.989453 8.378000 -0.276450
v 0.969058 8.482000 -0.396574
v 0.931351 8.594000 -0.510232
v 0.870708 8.709999 -0.616372
v 0.781505 8.826000 -0.713944
v 0.658120 8.938000 -0.801899
v 0.494930 9.042000 -0.879185
v 0.286312 9.134001 -0.944752
v 0.998157 7.865999 -0.150908
v 0.989453 7.957999 -0.276450
v 0.969058 8.062000 -0.396574
v 0.931351 8.174000 -0.510232
v 0.870708 8.289999 -0.616372
v 0.781505 8.406000 -0.713944
v 0.658120 8.518000 -0.801899
v 0.494930 8.622000 -0.879185
v 0.286312 8.714001 -0.944752
v 2.354107 11.865999 -0.305940
v 2.287264 11.958000 -0.591456
v 2.191932 12.062000 -0.873392
v 2.059774 12.174000 -1.147590
v 1.882453 12.290001 -1.409895
v 1.651633 12.406000 -1.656151
v 1.358979 12.518000 -1.882200
v 0.996153 12.622001 -2.083888
v 0.554819 12.714001 -2.257056
v 2.354107 12.285999 -0.305940
v 2.287264 12.378000 -0.591456
v 2.191932 12.482000 -0.873392
v 2.059774 12.594000 -1.147590
v 1.882453 12.710001 -1.409895
v 1.651633 12.826000 -1.656151
v 1.358979 12.938000 -1.882200
v 0.996153 13.042001 -2.083888
v 0.554819 13.134001 -2.257056
v 0.998157 12.285999 -0.150908
v 0.989453 12.378000 -0.276450
v 0.969058 12.482000 -0.396574
v 0.931351 12.594000 -0.510232
v 0.870708 12.710001 -0.616372
v 0.781505 12.826000 -0.713944
v 0.658120 12.938000 -0.801899
v 0.494930 13.042000 -0.879185
v 0.286312 13.134001 -0.944752
v 0.998157 11.865999 -0.150908
v 0.989453 11.958000 -0.276450
v 0.969058 12.062000 -0.396574
v 0.931351 12.174000 -0.510232
v 0.870708 12.290001 -0.616372
v 0.781505 12.406000 -0.713944
v 0.658120 12.518000 -0.801899
v 0.494930 12.622000 -0.879185
v 0.286312 12.714001 -0.944752
v -2.353470 13.713999 -0.305976
v -2.285624 13.621999 -0.591515
v -2.189150 13.518000 -0.873463
v -2.055753 13.405999 -1.147664
v -1.877135 13.290000 -1.409964
v -1.645000 13.174000 -1.656210
v -1.351051 13.062000 -1.882245
v -0.986993 12.958000 -2.083917
v -0.544527 12.866000 -2.257070
v -2.353470 14.133999 -0.305976
v -2.285624 14.041999 -0.591515
v -2.189150 13.938000 -0.873463
v -2.055753 13.826000 -1.147664
v -1.877135 13.710000 -1.409964
v -1.645000 13.594000 -1.656210
v -1.351051 13.481999 -1.882245
v -0.986993 13.378000 -2.083917
v -0.544527 13.286000 -2.257070
v -0.997510 14.133999 -0.150936
v -0.987790 14.041999 -0.276495
v -0.966243 13.938000 -0.396629
v -0.927286 13.826000 -0.510288
v -0.865337 13.710000 -0.616425
v -0.774816 13.594000 -0.713990
v -0.650139 13.481999 -0.801933
v -0.485725 13.378000 -0.879207
v -0.275992 13.286000 -0.944762
v -0.997510 13.713999 -0.150936
v -0.987790 13.621999 -0.276495
v -0.966243 13.518000 -0.396629
v -0.927286 13.405999 -0.510288
v -0.865337 13.290000 -0.616425
v -0.774816 13.174000 -0.713990
v -0.650139 13.062000 -0.801933
v -0.485725 12.958000 -0.879207
v -0.275992 12.866000 -0.944762
v -2.353470 9.714001 -0.305976
v -2.285624 9.622000 -0.591515
v -2.189150 9.518000 -0.873463
v -2.055753 9.406000 -1.147664
v -1.877135 9.290001 -1.409964
v -1.645000 9.174000 -1.656210
v -1.351051 9.062000 -1.882246
v -0.986993 8.958000 -2.083917
v -0.544527 8.865999 -2.257070
v -2.353470 10.134001 -0.305976
v -2.285624 10.042000 -0.591515
v -2.189150 9.938000 -0.873463
v -2.055753 9.826000 -1.147664
v -1.877135 9.710001 -1.409964
v -1.645000 9.594000 -1.656210
v -1.351051 9.482000 -1.882246
v -0.986993 9.378000 -2.083917
v -0.544527 9.285999 -2.257070
v -0.997510 10.134001 -0.150936
v -0.987790 10.042000 -0.276495
v -0.966243 9.938000 -0.396629
v -0.927286 9.826000 -0.510289
v -0.865338 9.710001 -0.616425
v -0.774816 9.594000 -0.713990
v -0.650139 9.482000 -0.801933
v -0.485725 9.378000 -0.879207
v -0.275992 9.285999 -0.944763
v -0.997510 9.714001 -0.150936
v -0.987790 9.622000 -0.276495
v -0.966243 9.518000 -0.396629
v -0.927286 9.406000 -0.510289
v -0.865338 9.290001 -0.616425
v -0.774816 9.174000 -0.713990
v -0.650139 9.062000 -0.801933
v -0.485725 8.958000 -0.879207
v -0.275992 8.865999 -0.944762
v -2.353470 5.714000 -0.305976
v -2.285624 5.622001 -0.591515
v -2.189150 5.518000 -0.873463
v -2.055753 5.406000 -1.147664
v -1.877135 5.290000 -1.409964
v -1.645000 5.174000 -1.656210
v -1.351051 5.062000 -1.882245
v -0.986993 4.957999 -2.083917
v -0.544527 4.866000 -2.257070
v -2.353470 6.134000 -0.305976
v -2.285624 6.042000 -0.591515
v -2.189150 5.938000 -0.873463
v -2.055753 5.826000 -1.147664
v -1.877135 5.710000 -1.409964
v -1.645000 5.594000 -1.656210
v -1.351051 5.482000 -1.882245
v -0.986993 5.377999 -2.083917
v -0.544527 5.285999 -2.257070
v -0.997510 6.134000 -0.150936
v -0.987790 6.042000 -0.276495
v -0.966243 5.938000 -0.396629
v -0.927286 5.826000 -0.510289
v -0.865337 5.710000 -0.616425
v -0.774816 5.594000 -0.713990
v -0.650139 5.482000 -0.801933
v -0.485725 5.377999 -0.879207
v -0.275992 5.285999 -0.944762
v -0.997510 5.714000 -0.150936
v -0.987790 5.622001 -0.276495
v -0.966243 5.518000 -0.396629
v -0.927286 5.406000 -0.510289
v -0.865337 5.290000 -0.616425
v -0.774816 5.174000 -0.713990
v -0.650139 5.062000 -0.801933
v -0.485725 4.957999 -0.879207
v -0.275992 4.866000 -0.944762
v 0.998284 15.714000 0.151288
v 0.989723 15.622000 0.277233
v 0.969472 15.518001 0.397775
v 0.931891 15.406001 0.511854
v 0.871340 15.290000 0.618411
v 0.782180 15.174000 0.716384
v 0.658770 15.062000 0.804715
v 0.495470 14.958001 0.882342
v 0.286641 14.866001 0.948207
v 0.998284 16.133999 0.151288
v 0.989723 16.042000 0.277233
v 0.969472 15.938001 0.397775
v 0.931891 15.826001 0.511854
v 0.871340 15.710000 0.618411
v 0.782180 15.594000 0.716384
v 0.658770 15.481999 0.804715
v 0.495470 15.378001 0.882342
v 0.286641 15.286001 0.948207
v 2.354271 16.133999 0.306350
v 2.287615 16.042000 0.592288
v 2.192469 15.938001 0.874651
v 2.060475 15.826001 1.149273
v 1.883274 15.710000 1.411991
v 1.652509 15.594000 1.658639
v 1.359822 15.481999 1.885054
v 0.996854 15.378001 2.087070
v 0.555246 15.286001 2.260523
v 2.354271 15.714000 0.306350
v 2.287615 15.622000 0.592288
v 2.192469 15.518001 0.874651
v 2.060475 15.406001 1.149273
v 1.883274 15.290000 1.411991
v 1.652509 15.174000 1.658639
v 1.359822 15.061999 1.885054
v 0.996854 14.958001 2.087070
v 0.555246 14.866001 2.260523
v 0.998284 11.714001 0.151288
v 0.989723 11.622000 0.277233
v 0.969472 11.518000 0.397775
v 0.931891 11.406000 0.511854
v 0.871340 11.289999 0.618411
v 0.782180 11.174000 0.716384
v 0.658770 11.062000 0.804715
v 0.495470 10.958000 0.882342
v 0.286641 10.865999 0.948207
v 0.998284 12.134000 0.151288
v 0.989723 12.042000 0.277233
v 0.969472 11.938000 0.397775
v 0.931891 11.826000 0.511854
v 0.871340 11.709999 0.618411
v 0.782180 11.594000 0.716384
v 0.658770 11.482000 0.804715
v 0.495470 11.377999 0.882342
v 0.286641 11.285999 0.948207
v 2.354271 12.134000 0.306350
v 2.287615 12.042000 0.592288
v 2.192469 11.938000 0.874651
v 2.060475 11.826000 1.149273
v 1.883274 11.709999 1.411991
v 1.652509 11.594000 1.658639
v 1.359822 11.482000 1.885054
v 0.996854 11.377999 2.087070
v 0.555246 11.285999 2.260523
v 2.354271 11.714001 0.306350
v 2.287615 11.622000 0.592288
v 2.192469 11.518000 0.874651
v 2.060475 11.406000 1.149273
v 1.883274 11.289999 1.411991
v 1.652509 11.174000 1.658639
v 1.359822 11.062000 1.885054
v 0.996854 10.958000 2.087070
v 0.555246 10.865999 2.260523
v 0.998284 7.714000 0.151288
v 0.989723 7.622000 0.277233
v 0.969472 7.518000 0.397775
v 0.931891 7.406000 0.511854
v 0.871340 7.290000 0.618411
v 0.782180 7.174000 0.716384
v 0.658770 7.061999 0.804715
v 0.495470 6.957999 0.882342
v 0.286641 6.865999 0.948207
v 0.998284 8.134000 0.151288
v 0.989723 8.042000 0.277233
v 0.969472 7.938000 0.397775
v 0.931891 7.826000 0.511854
v 0.871340 7.710000 0.618411
v 0.782180 7.594000 0.716384
v 0.658770 7.481999 0.804715
v 0.495470 7.377999 0.882342
v 0.286641 7.285999 0.948207
v 2.354271 8.134000 0.306350
v 2.287615 8.042000 0.592288
v 2.192469 7.938000 0.874651
v 2.060475 7.826000 1.149273
v 1.883274 7.710000 1.411991
v 1.652509 7.594000 1.658639
v 1.359822 7.481999 1.885054
v 0.996854 7.377999 2.087070
v 0.555246 7.285999 2.260523
v 2.354271 7.714000 0.306350
v 2.287615 7.622000 0.592288
v 2.192469 7.518000 0.874651
v 2.060475 7.406000 1.149273
v 1.883274 7.290000 1.411991
v 1.652509 7.174000 1.658639
v 1.359822 7.061999 1.885054
v 0.996854 6.957999 2.087070
v 0.555246 6.865999 2.260523
v 0.998284 3.714000 0.151288
v 0.989723 3.622000 0.277233
v 0.969472 3.518000 0.397775
v 0.931891 3.405999 0.511854
v 0.871340 3.290000 0.618411
v 0.782180 3.174000 0.716384
v 0.658770 3.061999 0.804715
v 0.495470 2.958000 0.882342
v 0.286641 2.866000 0.948207
v 0.998284 4.134000 0.151288
v 0.989723 4.042000 0.277233
v 0.969472 3.938000 0.397775
v 0.931891 3.825999 0.511854
v 0.871340 3.709999 0.618411
v 0.782180 3.594000 0.716384
v 0.658770 3.481999 0.804715
v 0.495470 3.378000 0.882342
v 0.286641 3.286000 0.948207
v 2.354271 4.134000 0.306350
v 2.287615 4.042000 0.592288
v 2.192469 3.938000 0.874651
v 2.060475 3.825999 1.149273
v 1.883274 3.709999 1.411991
v 1.652509 3.594000 1.658639
v 1.359822 3.481999 1.885054
v 0.996854 3.378000 2.087070
v 0.555246 3.286000 2.260523
v 2.354271 3.714000 0.306350
v 2.287615 3.622000 0.592288
v 2.192469 3.518000 0.874651
v 2.060475 3.405999 1.149273
v 1.883274 3.290000 1.411991
v 1.652509 3.174000 1.658639
v 1.359822 3.061999 1.885054
v 0.996854 2.958000 2.087070
v 0.555246 2.866000 2.260523
v 0.554819 16.714001 -2.257056
v 0.996153 16.622000 -2.083888
v 1.358979 16.518000 -1.882200
v 1.651633 16.406000 -1.656151
v 1.882453 16.290001 -1.409895
v 2.059774 16.174000 -1.147590
v 2.191932 16.062000 -0.873392
v 2.287264 15.958000 -0.591456
v 2.354107 15.866000 -0.305940
v 0.554819 17.134001 -2.257056
v 0.996153 17.042000 -2.083888
v 1.358979 16.938000 -1.882200
v 1.651633 16.826000 -1.656151
v 1.882453 16.710001 -1.409895
v 2.059774 16.594000 -1.147590
v 2.191932 16.482000 -0.873392
v 2.287264 16.378000 -0.591456
v 2.354107 16.285999 -0.305940
v 0.286312 17.134001 -0.944752
v 0.494930 17.042000 -0.879185
v 0.658120 16.938000 -0.801899
v 0.781505 16.826000 -0.713944
v 0.870708 16.710001 -0.616372
v 0.931351 16.594000 -0.510232
v 0.969058 16.482000 -0.396574
v 0.989453 16.378000 -0.276450
v 0.998157 16.285999 -0.150908
v 0.286312 16.714001 -0.944752
v 0.494930 16.622000 -0.879185
v 0.658120 16.518000 -0.801899
v 0.781505 16.406000 -0.713944
v 0.870708 16.290001 -0.616372
v 0.931351 16.174000 -0.510232
v 0.969058 16.062000 -0.396574
v 0.989453 15.958000 -0.276450
v 0.998157 15.866000 -0.150908
vn -0.0000 -1.0000 -0.0000
vn -0.0000 1.0000 -0.0000
vn -0.9808 -0.0000 0.1951
vn -0.8315 -0.0000 0.5556
vn -0.5556 -0.0000 0.8315
vn -0.1951 -0.0000 0.9808
vn 0.1951 -0.0000 0.9808
vn 0.5556 -0.0000 0.8315
vn 0.8315 -0.0000 0.5556
vn 0.9808 -0.0000 0.1951
vn 0.9808 -0.0000 -0.1951
vn 0.8315 -0.0000 -0.5556
vn 0.5556 -0.0000 -0.8315
vn 0.1951 -0.0000 -0.9808
vn -0.1951 -0.0000 -0.9808
vn -0.5556 -0.0000 -0.8315
vn -0.8315 -0.0000 -0.5556
vn -0.9808 -0.0000 -0.1951
vn -0.9999 -0.0000 -0.0110
vn -1.0000 -0.0000 -0.0077
vn -0.9999 -0.0000 0.0116
vn -1.0000 -0.0000 0.0081
vn 0.9820 -0.0000 -0.1889
vn 0.9643 -0.0000 -0.2649
vn 0.9589 -0.0000 -0.2838
vn 0.9796 -0.0000 -0.2008
vn 0.9973 -0.0000 -0.0739
vn 0.9962 -0.0000 -0.0873
vn 0.9973 -0.0000 0.0735
vn 0.9962 -0.0000 0.0868
vn -0.9986 -0.0000 -0.0522
vn -0.9905 -0.0000 -0.1372
vn -0.9954 -0.0000 -0.0955
vn -0.9994 -0.0000 -0.0343
vn -0.0098 -0.9846 -0.1746
vn -0.0093 -0.9863 -0.1645
vn 0.0092 -0.9864 -0.1643
vn 0.0098 -0.9847 -0.1742
vn 0.0093 0.9863 0.1645
vn 0.0098 0.9846 0.1746
vn -0.0098 0.9847 0.1742
vn -0.0092 0.9864 0.1643
vn -0.9972 -0.0000 0.0748
vn -0.9961 -0.0000 0.0883
vn -0.9972 -0.0000 -0.0752
vn -0.9961 -0.0000 -0.0888
vn -0.9790 -0.0000 -0.2038
vn -0.9814 -0.0000 -0.1919
vn -0.9634 -0.0000 -0.2682
vn -0.9579 -0.0000 -0.2871
vn 0.9999 -0.0000 0.0153
vn 0.9999 -0.0000 0.0107
vn 0.9999 -0.0000 -0.0147
vn 0.9999 -0.0000 -0.0102
vn 0.9992 -0.0000 -0.0412
vn 0.9982 -0.0000 -0.0597
vn 0.9893 -0.0000 -0.1460
vn 0.9946 -0.0000 -0.1039
vn -0.0092 -0.9864 0.1643
vn -0.0098 -0.9846 0.1748
vn 0.0098 -0.9846 0.1745
vn 0.0092 -0.9864 0.1640
vn 0.0098 0.9846 -0.1748
vn 0.0092 0.9864 -0.1643
vn -0.0092 0.9864 -0.1640
vn -0.0098 0.9846 -0.1745
vn -0.1083 -0.0000 0.9941
vn -0.0904 -0.0000 0.9959
vn 0.1079 -0.0000 0.9942
vn 0.0900 -0.0000 0.9959
vn -0.1234 -0.0000 -0.9924
vn -0.1348 -0.0000 -0.9909
vn 0.1237 -0.0000 -0.9923
vn 0.1351 -0.0000 -0.9908
vn -0.0981 -0.9951 0.0097
vn -0.0845 -0.9964 0.0084
vn -0.0846 -0.9964 -0.0084
vn -0.0983 -0.9951 -0.0097
vn 0.0845 0.9964 -0.0084
vn 0.0981 0.9951 -0.0097
vn 0.0983 0.9951 0.0097
vn 0.0846 0.9964 0.0084
vn 0.1238 -0.0000 0.9923
vn 0.1352 -0.0000 0.9908
vn -0.1235 -0.0000 0.9923
vn -0.1349 -0.0000 0.9909
vn 0.1082 -0.0000 -0.9941
vn 0.0904 -0.0000 -0.9959
vn -0.1086 -0.0000 -0.9941
vn -0.0907 -0.0000 -0.9959
vn 0.0844 -0.9964 0.0084
vn 0.0980 -0.9951 0.0097
vn 0.0982 -0.9951 -0.0097
vn 0.0846 -0.9964 -0.0084
vn -0.0980 0.9951 -0.0097
vn -0.0844 0.9964 -0.0084
vn -0.0846 0.9964 0.0084
vn -0.0982 0.9951 0.0097
vn -0.0092 0.9864 0.1642
vn 0.0845 -0.9964 -0.0084
vn 0.0092 -0.9864 -0.1642
vn -0.0098 -0.9845 0.1748
vn -1.0000 -0.0000 -0.0000
vn -0.0000 -0.0000 -1.0000
vn 1.0000 -0.0000 -0.0000
vn -0.9295 -0.0000 -0.3688
vn -0.9192 -0.0000 -0.3937
vn -0.8732 -0.0000 -0.4874
vn -0.8569 -0.0000 -0.5155
vn -0.7901 -0.0000 -0.6130
vn -0.7686 -0.0000 -0.6397
vn -0.6823 -0.0000 -0.7311
vn -0.6588 -0.0000 -0.7524
vn -0.5591 -0.0000 -0.8291
vn -0.5377 -0.0000 -0.8432
vn -0.4336 -0.0000 -0.9011
vn -0.4169 -0.0000 -0.9089
vn -0.3166 -0.0000 -0.9486
vn -0.3052 -0.0000 -0.9523
vn 0.0439 0.9286 -0.3685
vn 0.0434 0.9288 -0.3680
vn 0.1001 0.9066 -0.4098
vn 0.1010 0.9064 -0.4102
vn 0.1649 0.8908 -0.4234
vn 0.1663 0.8906 -0.4233
vn 0.2286 0.8850 -0.4057
vn 0.2295 0.8850 -0.4052
vn 0.2793 0.8915 -0.3568
vn 0.2793 0.8915 -0.3566
vn 0.3054 0.9093 -0.2827
vn 0.3053 0.9091 -0.2835
vn 0.3009 0.9332 -0.1963
vn 0.3012 0.9329 -0.1973
vn 0.2681 0.9567 -0.1136
vn 0.2677 0.9568 -0.1130
vn 0.2160 0.9752 -0.0475
vn 0.2129 0.9761 -0.0446
vn 0.9981 -0.0000 0.0610
vn 0.9991 -0.0000 0.0423
vn 0.9890 -0.0000 0.1477
vn 0.9944 -0.0000 0.1053
vn 0.9586 -0.0000 0.2848
vn 0.9764 -0.0000 0.2162
vn 0.8885 -0.0000 0.4589
vn 0.9281 -0.0000 0.3723
vn 0.7709 -0.0000 0.6369
vn 0.8325 -0.0000 0.5540
vn 0.6229 -0.0000 0.7823
vn 0.6906 -0.0000 0.7232
vn 0.4737 -0.0000 0.8807
vn 0.5294 -0.0000 0.8484
vn 0.3433 -0.0000 0.9392
vn 0.3805 -0.0000 0.9248
vn 0.2376 -0.0000 0.9714
vn 0.2591 -0.0000 0.9659
vn -0.0434 -0.9288 0.3680
vn -0.0439 -0.9286 0.3685
vn -0.1010 -0.9064 0.4102
vn -0.1001 -0.9066 0.4098
vn -0.1663 -0.8906 0.4233
vn -0.1649 -0.8908 0.4234
vn -0.2295 -0.8850 0.4052
vn -0.2286 -0.8850 0.4057
vn -0.2793 -0.8915 0.3566
vn -0.2793 -0.8915 0.3568
vn -0.3053 -0.9091 0.2836
vn -0.3054 -0.9093 0.2827
vn -0.3012 -0.9329 0.1973
vn -0.3009 -0.9332 0.1963
vn -0.2677 -0.9568 0.1130
vn -0.2681 -0.9567 0.1136
vn -0.2129 -0.9761 0.0446
vn -0.2160 -0.9752 0.0475
vn 0.9592 -0.0000 -0.2828
vn 0.9767 -0.0000 -0.2144
vn 0.8896 -0.0000 -0.4568
vn 0.9289 -0.0000 -0.3704
vn 0.7725 -0.0000 -0.6351
vn 0.8338 -0.0000 -0.5521
vn 0.6245 -0.0000 -0.7810
vn 0.6921 -0.0000 -0.7218
vn 0.4751 -0.0000 -0.8799
vn 0.5309 -0.0000 -0.8474
vn 0.3444 -0.0000 -0.9388
vn 0.3817 -0.0000 -0.9243
vn 0.2384 -0.0000 -0.9712
vn 0.2599 -0.0000 -0.9656
vn -0.0434 0.9290 -0.3674
vn -0.0438 0.9288 -0.3679
vn -0.1008 0.9066 -0.4097
vn -0.0999 0.9069 -0.4093
vn -0.1661 0.8909 -0.4228
vn -0.1646 0.8911 -0.4228
vn -0.2293 0.8852 -0.4047
vn -0.2283 0.8852 -0.4053
vn -0.2791 0.8917 -0.3563
vn -0.2790 0.8917 -0.3565
vn -0.3050 0.9092 -0.2833
vn -0.3052 0.9094 -0.2825
vn -0.3009 0.9330 -0.1972
vn -0.3007 0.9333 -0.1962
vn -0.2675 0.9569 -0.1129
vn -0.2678 0.9567 -0.1136
vn -0.2127 0.9761 -0.0445
vn -0.2158 0.9753 -0.0475
vn -0.9816 -0.0000 0.1910
vn -0.9792 -0.0000 0.2029
vn -0.9636 -0.0000 0.2673
vn -0.9582 -0.0000 0.2861
vn -0.9299 -0.0000 0.3678
vn -0.9197 -0.0000 0.3927
vn -0.8737 -0.0000 0.4864
vn -0.8575 -0.0000 0.5146
vn -0.7907 -0.0000 0.6122
vn -0.7692 -0.0000 0.6390
vn -0.6829 -0.0000 0.7305
vn -0.6594 -0.0000 0.7518
vn -0.5597 -0.0000 0.8287
vn -0.5382 -0.0000 0.8428
vn -0.4340 -0.0000 0.9009
vn -0.4173 -0.0000 0.9088
vn -0.3168 -0.0000 0.9485
vn -0.3055 -0.0000 0.9522
vn 0.0438 -0.9288 0.3679
vn 0.0434 -0.9290 0.3674
vn 0.0999 -0.9069 0.4092
vn 0.1008 -0.9067 0.4097
vn 0.1646 -0.8911 0.4228
vn 0.1661 -0.8909 0.4228
vn 0.2283 -0.8852 0.4053
vn 0.2293 -0.8852 0.4047
vn 0.2790 -0.8917 0.3565
vn 0.2791 -0.8917 0.3563
vn 0.3052 -0.9094 0.2825
vn 0.3050 -0.9092 0.2833
vn 0.3007 -0.9333 0.1962
vn 0.3009 -0.9330 0.1972
vn 0.2678 -0.9567 0.1136
vn 0.2675 -0.9569 0.1129
vn 0.2158 -0.9753 0.0475
vn 0.2127 -0.9761 0.0445
vn 0.6922 -0.0000 -0.7218
vn -0.0999 0.9069 -0.4092
vn 0.1008 -0.9066 0.4097
vn 0.1008 -0.9067 0.4096
vn -0.1009 0.9066 -0.4097
vn 0.9309 -0.0000 -0.3654
vn 0.9207 -0.0000 -0.3904
vn 0.8749 -0.0000 -0.4842
vn 0.8587 -0.0000 -0.5125
vn 0.7921 -0.0000 -0.6104
vn 0.7705 -0.0000 -0.6374
vn 0.6842 -0.0000 -0.7293
vn 0.6606 -0.0000 -0.7508
vn 0.5607 -0.0000 -0.8280
vn 0.5391 -0.0000 -0.8422
vn 0.4348 -0.0000 -0.9005
vn 0.4179 -0.0000 -0.9085
vn 0.3173 -0.0000 -0.9483
vn 0.3059 -0.0000 -0.9521
vn 0.0435 0.9287 0.3682
vn 0.0439 0.9285 0.3686
vn 0.1011 0.9061 0.4107
vn 0.1001 0.9065 0.4102
vn 0.1666 0.8902 0.4240
vn 0.1650 0.8905 0.4241
vn 0.2301 0.8844 0.4060
vn 0.2290 0.8844 0.4067
vn 0.2802 0.8909 0.3576
vn 0.2800 0.8908 0.3579
vn 0.3063 0.9085 0.2844
vn 0.3064 0.9087 0.2837
vn 0.3021 0.9325 0.1979
vn 0.3019 0.9327 0.1970
vn 0.2685 0.9566 0.1133
vn 0.2689 0.9564 0.1140
vn 0.2134 0.9759 0.0447
vn 0.2166 0.9751 0.0476
vn -0.9986 -0.0000 0.0535
vn -0.9994 -0.0000 0.0354
vn -0.9903 -0.0000 0.1388
vn -0.9953 -0.0000 0.0969
vn -0.9613 -0.0000 0.2755
vn -0.9784 -0.0000 0.2069
vn -0.8927 -0.0000 0.4507
vn -0.9317 -0.0000 0.3632
vn -0.7758 -0.0000 0.6310
vn -0.8375 -0.0000 0.5465
vn -0.6271 -0.0000 0.7789
vn -0.6956 -0.0000 0.7184
vn -0.4767 -0.0000 0.8791
vn -0.5332 -0.0000 0.8460
vn -0.3451 -0.0000 0.9386
vn -0.3828 -0.0000 0.9238
vn -0.2386 -0.0000 0.9711
vn -0.2603 -0.0000 0.9655
vn -0.0439 -0.9285 -0.3686
vn -0.0435 -0.9287 -0.3682
vn -0.1001 -0.9065 -0.4102
vn -0.1011 -0.9061 -0.4107
vn -0.1650 -0.8905 -0.4241
vn -0.1666 -0.8902 -0.4240
vn -0.2290 -0.8844 -0.4067
vn -0.2301 -0.8844 -0.4061
vn -0.2800 -0.8908 -0.3579
vn -0.2802 -0.8909 -0.3576
vn -0.3064 -0.9087 -0.2837
vn -0.3063 -0.9085 -0.2844
vn -0.3020 -0.9327 -0.1970
vn -0.3022 -0.9325 -0.1979
vn -0.2689 -0.9564 -0.1140
vn -0.2685 -0.9566 -0.1133
vn -0.2166 -0.9751 -0.0476
vn -0.2134 -0.9759 -0.0447
vn 0.2301 0.8844 0.4061
vn -0.6956 -0.0000 0.7185
vn 0.1001 0.9066 -0.4099
vn -0.2793 -0.8915 0.3567
vn -0.3053 -0.9091 0.2835
vn 0.2793 0.8915 -0.3567
vn 0.3053 0.9091 -0.2836
vn -0.9619 -0.0000 -0.2735
vn -0.9787 -0.0000 -0.2051
vn -0.8938 -0.0000 -0.4486
vn -0.9325 -0.0000 -0.3612
vn -0.7773 -0.0000 -0.6291
vn -0.8387 -0.0000 -0.5446
vn -0.6287 -0.0000 -0.7776
vn -0.6971 -0.0000 -0.7170
vn -0.4781 -0.0000 -0.8783
vn -0.5347 -0.0000 -0.8451
vn -0.3462 -0.0000 -0.9382
vn -0.3840 -0.0000 -0.9233
vn -0.2394 -0.0000 -0.9709
vn -0.2612 -0.0000 -0.9653
vn -0.0438 0.9288 0.3680
vn -0.0434 0.9289 0.3677
vn -0.0999 0.9068 0.4096
vn -0.1010 0.9064 0.4101
vn -0.1648 0.8908 0.4235
vn -0.1665 0.8905 0.4235
vn -0.2287 0.8847 0.4063
vn -0.2299 0.8847 0.4056
vn -0.2797 0.8910 0.3576
vn -0.2799 0.8911 0.3572
vn -0.3061 0.9088 0.2835
vn -0.3060 0.9086 0.2841
vn -0.3017 0.9328 0.1969
vn -0.3019 0.9326 0.1978
vn -0.2687 0.9565 0.1140
vn -0.2683 0.9567 0.1133
vn -0.2164 0.9751 0.0476
vn -0.2132 0.9760 0.0447
vn 0.9822 -0.0000 0.1881
vn 0.9798 -0.0000 0.1999
vn 0.9645 -0.0000 0.2640
vn 0.9592 -0.0000 0.2828
vn 0.9313 -0.0000 0.3644
vn 0.9211 -0.0000 0.3894
vn 0.8755 -0.0000 0.4833
vn 0.8592 -0.0000 0.5116
vn 0.7927 -0.0000 0.6097
vn 0.7712 -0.0000 0.6366
vn 0.6848 -0.0000 0.7287
vn 0.6612 -0.0000 0.7502
vn 0.5612 -0.0000 0.8276
vn 0.5396 -0.0000 0.8419
vn 0.4352 -0.0000 0.9004
vn 0.4183 -0.0000 0.9083
vn 0.3175 -0.0000 0.9483
vn 0.3061 -0.0000 0.9520
vn 0.0434 -0.9289 -0.3677
vn 0.0438 -0.9288 -0.3680
vn 0.1010 -0.9064 -0.4101
vn 0.0999 -0.9068 -0.4096
vn 0.1665 -0.8905 -0.4235
vn 0.1648 -0.8908 -0.4235
vn 0.2299 -0.8847 -0.4056
vn 0.2287 -0.8847 -0.4062
vn 0.2799 -0.8911 -0.3572
vn 0.2797 -0.8910 -0.3576
vn 0.3060 -0.9086 -0.2841
vn 0.3061 -0.9088 -0.2835
vn 0.3019 -0.9326 -0.1978
vn 0.3017 -0.9328 -0.1969
vn 0.2683 -0.9567 -0.1133
vn 0.2687 -0.9565 -0.1140
vn 0.2132 -0.9760 -0.0447
vn 0.2164 -0.9751 -0.0476
vn 0.2287 -0.8847 -0.4063
vn -0.2287 0.8847 0.4062
vn -0.9990 -0.0000 0.0456
vn -0.9995 -0.0000 0.0300
vn 0.9723 -0.0000 -0.2338
vn 0.9489 -0.0000 -0.3155
vn 0.9418 -0.0000 -0.3363
vn 0.9688 -0.0000 -0.2478
vn 0.9957 -0.0000 -0.0927
vn 0.9938 -0.0000 -0.1107
vn -0.0000 -0.0000 1.0000
vn -0.0108 -0.9810 -0.1936
vn -0.0099 -0.9842 -0.1770
vn 0.0099 0.9842 0.1770
vn 0.0108 0.9810 0.1936
vn 0.0098 0.9845 -0.1748
vn -0.0888 -0.0000 0.9960
vn -0.0732 -0.0000 0.9973
vn 0.1180 -0.0000 -0.9930
vn 0.1295 -0.0000 -0.9916
vn -0.0894 -0.9960 -0.0087
vn -0.1023 -0.9947 -0.0099
vn 0.1023 0.9947 0.0099
vn 0.0894 0.9960 0.0087
vn 0.9086 -0.0000 -0.4176
vn 0.8962 -0.0000 -0.4436
vn 0.8461 -0.0000 -0.5331
vn 0.8278 -0.0000 -0.5610
vn 0.7591 -0.0000 -0.6510
vn 0.7364 -0.0000 -0.6766
vn 0.6514 -0.0000 -0.7587
vn 0.6277 -0.0000 -0.7785
vn 0.5325 -0.0000 -0.8465
vn 0.5113 -0.0000 -0.8594
vn 0.4134 -0.0000 -0.9106
vn 0.3970 -0.0000 -0.9178
vn 0.3029 -0.0000 -0.9530
vn 0.2917 -0.0000 -0.9565
vn 0.0460 0.9157 0.3992
vn 0.0482 0.9146 0.4015
vn 0.1073 0.8903 0.4426
vn 0.1088 0.8898 0.4432
vn 0.1766 0.8736 0.4534
vn 0.1779 0.8734 0.4533
vn 0.2431 0.8692 0.4306
vn 0.2447 0.8693 0.4295
vn 0.2950 0.8784 0.3760
vn 0.2966 0.8790 0.3733
vn 0.3215 0.8992 0.2967
vn 0.3220 0.9004 0.2926
vn 0.3164 0.9262 0.2051
vn 0.3156 0.9273 0.2014
vn 0.2811 0.9525 0.1170
vn 0.2805 0.9528 0.1159
vn 0.2240 0.9735 0.0461
vn 0.2263 0.9729 0.0482
vn -0.9919 -0.0000 0.1266
vn -0.9952 -0.0000 0.0980
vn -0.9720 -0.0000 0.2348
vn -0.9841 -0.0000 0.1775
vn -0.9206 -0.0000 0.3906
vn -0.9521 -0.0000 0.3059
vn -0.8224 -0.0000 0.5689
vn -0.8806 -0.0000 0.4738
vn -0.6836 -0.0000 0.7299
vn -0.7594 -0.0000 0.6506
vn -0.5323 -0.0000 0.8465
vn -0.6041 -0.0000 0.7969
vn -0.3950 -0.0000 0.9187
vn -0.4483 -0.0000 0.8939
vn -0.2825 -0.0000 0.9593
vn -0.3161 -0.0000 0.9487
vn -0.1945 -0.0000 0.9809
vn -0.2135 -0.0000 0.9769
vn -0.0482 -0.9146 -0.4015
vn -0.0460 -0.9157 -0.3992
vn -0.1088 -0.8898 -0.4432
vn -0.1073 -0.8903 -0.4426
vn -0.1779 -0.8734 -0.4533
vn -0.1766 -0.8736 -0.4534
vn -0.2447 -0.8693 -0.4295
vn -0.2431 -0.8692 -0.4306
vn -0.2966 -0.8790 -0.3733
vn -0.2950 -0.8784 -0.3760
vn -0.3220 -0.9004 -0.2926
vn -0.3215 -0.8992 -0.2967
vn -0.3156 -0.9273 -0.2014
vn -0.3164 -0.9262 -0.2051
vn -0.2805 -0.9528 -0.1159
vn -0.2811 -0.9525 -0.1170
vn -0.2263 -0.9729 -0.0482
vn -0.2240 -0.9735 -0.0461
vn -0.1008 0.9067 -0.4097
vn -0.2301 -0.8844 -0.4060
vn -0.3019 -0.9327 -0.1970
vn -0.3021 -0.9325 -0.1979
vn 0.3022 0.9325 0.1979
vt -1.000000 0.000000
vt -0.000000 0.000000
vt -0.923879 0.382683
vt -0.707107 0.707108
vt -0.382683 0.923880
vt -0.000000 1.000000
vt 0.382684 0.923880
vt 0.707107 0.707108
vt 0.923880 0.382683
vt 1.000000 0.000000
vt 0.923880 -0.382682
vt 0.707107 -0.707106
vt 0.382683 -0.923880
vt -0.000000 -1.000000
vt -0.382683 -0.923880
vt -0.707107 -0.707106
vt -0.923879 -0.382682
vt 0.195090 46.000000
vt -0.195091 46.000000
vt -0.195091 -16.000000
vt 0.195090 -16.000000
vt 0.375000 0.000000
vt 0.625000 0.000000
vt 0.625000 0.250000
vt 0.375000 0.250000
vt 0.000000 0.000000
vt 0.375000 0.500000
vt 0.625000 0.500000
vt 0.625000 0.750000
vt 0.375000 0.750000
vt 0.125000 0.500000
vt 0.125000 0.750000
vt 0.875000 0.500000
vt 0.875000 0.750000
vt 0.625000 1.000000
vt 0.375000 1.000000
s 1
usemtl ProBuilderDefault
f 1/1/1 33/2/1 3/3/1
f 3/3/1 33/2/1 5/4/1
f 5/4/1 33/2/1 7/5/1
f 7/5/1 33/2/1 9/6/1
f 9/6/1 33/2/1 11/7/1
f 11/7/1 33/2/1 13/8/1
f 13/8/1 33/2/1 15/9/1
f 15/9/1 33/2/1 17/10/1
f 17/10/1 33/2/1 19/11/1
f 19/11/1 33/2/1 21/12/1
f 21/12/1 33/2/1 23/13/1
f 23/13/1 33/2/1 25/14/1
f 25/14/1 33/2/1 27/15/1
f 27/15/1 33/2/1 29/16/1
f 29/16/1 33/2/1 31/17/1
f 31/17/1 33/2/1 1/1/1
f 4/9/2 34/2/2 2/10/2
f 6/8/2 34/2/2 4/9/2
f 8/7/2 34/2/2 6/8/2
f 10/6/2 34/2/2 8/7/2
f 12/5/2 34/2/2 10/6/2
f 14/4/2 34/2/2 12/5/2
f 16/3/2 34/2/2 14/4/2
f 18/1/2 34/2/2 16/3/2
f 20/17/2 34/2/2 18/1/2
f 22/16/2 34/2/2 20/17/2
f 24/15/2 34/2/2 22/16/2
f 26/14/2 34/2/2 24/15/2
f 28/13/2 34/2/2 26/14/2
f 30/12/2 34/2/2 28/13/2
f 32/11/2 34/2/2 30/12/2
f 2/10/2 34/2/2 32/11/2
f 4/18/3 2/19/3 1/20/3
f 1/20/3 3/21/3 4/18/3
f 6/18/4 4/19/4 3/20/4
f 3/20/4 5/21/4 6/18/4
f 8/18/5 6/19/5 5/20/5
f 5/20/5 7/21/5 8/18/5
f 10/18/6 8/19/6 7/20/6
f 7/20/6 9/21/6 10/18/6
f 12/18/7 10/19/7 9/20/7
f 9/20/7 11/21/7 12/18/7
f 14/18/8 12/19/8 11/20/8
f 11/20/8 13/21/8 14/18/8
f 16/18/9 14/19/9 13/20/9
f 13/20/9 15/21/9 16/18/9
f 18/18/10 16/19/10 15/20/10
f 15/20/10 17/21/10 18/18/10
f 20/18/11 18/19/11 17/20/11
f 17/20/11 19/21/11 20/18/11
f 22/18/12 20/19/12 19/20/12
f 19/20/12 21/21/12 22/18/12
f 24/18/13 22/19/13 21/20/13
f 21/20/13 23/21/13 24/18/13
f 26/18/14 24/19/14 23/20/14
f 23/20/14 25/21/14 26/18/14
f 28/18/15 26/19/15 25/20/15
f 25/20/15 27/21/15 28/18/15
f 30/18/16 28/19/16 27/20/16
f 27/20/16 29/21/16 30/18/16
f 32/18/17 30/19/17 29/20/17
f 29/20/17 31/21/17 32/18/17
f 2/18/18 32/19/18 31/20/18
f 31/20/18 1/21/18 2/18/18
usemtl 
f 39/22/19 40/23/20 42/24/21 41/25/22
f 347/26/23 348/26/24 357/26/25 356/26/26
f 45/27/27 46/28/28 44/29/29 43/30/30
f 671/26/31 672/26/32 681/26/33 680/26/34
f 41/31/35 45/27/36 43/30/37 39/32/38
f 46/28/39 42/33/40 40/34/41 44/29/42
f 47/22/43 48/23/44 50/24/45 49/25/46
f 167/26/47 176/26/48 177/26/49 168/26/50
f 53/27/51 54/28/52 52/29/53 51/30/54
f 203/26/55 212/26/56 213/26/57 204/26/58
f 49/31/59 53/27/60 51/30/61 47/32/62
f 54/28/63 50/33/64 48/34/65 52/29/66
f 55/22/67 56/23/68 58/24/69 57/25/70
f 49/26/46 50/26/45 176/26/48 167/26/47
f 61/27/71 62/28/72 60/29/73 59/30/74
f 57/31/75 61/27/76 59/30/77 55/32/78
f 62/28/79 58/33/80 56/34/81 60/29/82
f 63/22/83 64/23/84 66/24/85 65/25/86
f 51/26/54 52/26/53 212/26/56 203/26/55
f 69/27/87 70/28/88 68/29/89 67/30/90
f 39/26/19 671/26/31 680/26/34 40/26/20
f 65/31/91 69/27/92 67/30/93 63/32/94
f 70/28/95 66/33/96 64/34/97 68/29/98
f 71/22/19 72/23/20 74/24/21 73/25/22
f 383/26/23 384/26/24 393/26/25 392/26/26
f 77/27/27 78/28/28 76/29/29 75/30/30
f 635/26/31 636/26/32 645/26/33 644/26/34
f 73/31/35 77/27/36 75/30/37 71/32/38
f 78/28/39 74/33/40 72/34/41 76/29/99
f 79/22/43 80/23/44 82/24/45 81/25/46
f 527/26/47 536/26/48 537/26/49 528/26/50
f 85/27/51 86/28/52 84/29/53 83/30/54
f 239/26/55 248/26/56 249/26/57 240/26/58
f 81/31/59 85/27/60 83/30/61 79/32/62
f 86/28/63 82/33/64 80/34/65 84/29/66
f 87/22/67 88/23/68 90/24/69 89/25/70
f 81/26/46 82/26/45 536/26/48 527/26/47
f 93/27/71 94/28/72 92/29/73 91/30/74
f 45/26/27 347/26/23 356/26/26 46/26/28
f 89/31/75 93/27/76 91/30/77 87/32/78
f 94/28/79 90/33/80 88/34/81 92/29/82
f 95/22/83 96/23/84 98/24/85 97/25/86
f 83/26/54 84/26/53 248/26/56 239/26/55
f 101/27/87 102/28/88 100/29/89 99/30/90
f 71/26/19 635/26/31 644/26/34 72/26/20
f 97/31/91 101/27/92 99/30/93 95/32/100
f 102/28/95 98/33/96 96/34/97 100/29/98
f 103/22/19 104/23/20 106/24/21 105/25/22
f 419/26/23 420/26/24 429/26/25 428/26/26
f 109/27/27 110/28/28 108/29/29 107/30/30
f 599/26/31 600/26/32 609/26/33 608/26/34
f 105/31/35 109/27/36 107/30/101 103/32/38
f 110/28/39 106/33/40 104/34/41 108/29/42
f 111/22/43 112/23/44 114/24/45 113/25/46
f 491/26/47 500/26/48 501/26/49 492/26/50
f 117/27/51 118/28/52 116/29/53 115/30/54
f 275/26/55 284/26/56 285/26/57 276/26/58
f 113/31/59 117/27/102 115/30/61 111/32/62
f 118/28/63 114/33/64 112/34/65 116/29/66
f 119/22/67 120/23/68 122/24/69 121/25/70
f 113/26/46 114/26/45 500/26/48 491/26/47
f 125/27/71 126/28/72 124/29/73 123/30/74
f 77/26/27 383/26/23 392/26/26 78/26/28
f 121/31/75 125/27/76 123/30/77 119/32/78
f 126/28/79 122/33/80 120/34/81 124/29/82
f 127/22/83 128/23/84 130/24/85 129/25/86
f 115/26/54 116/26/53 284/26/56 275/26/55
f 133/27/87 134/28/88 132/29/89 131/30/90
f 103/26/19 599/26/31 608/26/34 104/26/20
f 129/31/91 133/27/92 131/30/93 127/32/94
f 134/28/95 130/33/96 128/34/97 132/29/98
f 135/22/19 136/23/20 138/24/103 137/25/103
f 137/25/104 138/24/104 142/28/104 141/27/104
f 141/27/105 142/28/105 140/29/29 139/30/30
f 563/26/31 564/26/32 573/26/33 572/26/34
f 137/31/1 141/27/1 139/30/37 135/32/38
f 142/28/2 138/33/2 136/34/41 140/29/42
f 143/22/43 144/23/44 146/24/45 145/25/46
f 455/26/47 464/26/48 465/26/49 456/26/50
f 149/27/51 150/28/52 148/29/53 147/30/54
f 311/26/55 320/26/56 321/26/57 312/26/58
f 145/31/59 149/27/102 147/30/61 143/32/62
f 150/28/63 146/33/64 144/34/65 148/29/66
f 151/22/67 152/23/68 154/24/69 153/25/70
f 145/26/46 146/26/45 464/26/48 455/26/47
f 157/27/71 158/28/72 156/29/73 155/30/74
f 109/26/27 419/26/23 428/26/26 110/26/28
f 153/31/75 157/27/76 155/30/77 151/32/78
f 158/28/79 154/33/80 152/34/81 156/29/82
f 159/22/83 160/23/84 162/24/85 161/25/86
f 147/26/54 148/26/53 320/26/56 311/26/55
f 165/27/87 166/28/88 164/29/89 163/30/90
f 135/26/19 563/26/31 572/26/34 136/26/20
f 161/31/91 165/27/92 163/30/93 159/32/94
f 166/28/95 162/33/96 160/34/97 164/29/98
f 168/26/50 177/26/49 178/26/106 169/26/107
f 169/26/107 178/26/106 179/26/108 170/26/109
f 170/26/109 179/26/108 180/26/110 171/26/111
f 171/26/111 180/26/110 181/26/112 172/26/113
f 172/26/113 181/26/112 182/26/114 173/26/115
f 173/26/115 182/26/114 183/26/116 174/26/117
f 174/26/117 183/26/116 184/26/118 175/26/119
f 175/26/119 184/26/118 62/26/72 61/26/71
f 50/26/64 54/26/63 185/26/120 176/26/121
f 176/26/121 185/26/120 186/26/122 177/26/123
f 177/26/123 186/26/122 187/26/124 178/26/125
f 178/26/125 187/26/124 188/26/126 179/26/127
f 179/26/127 188/26/126 189/26/128 180/26/129
f 180/26/129 189/26/128 190/26/130 181/26/131
f 181/26/131 190/26/130 191/26/132 182/26/133
f 182/26/133 191/26/132 192/26/134 183/26/135
f 183/26/135 192/26/134 193/26/136 184/26/137
f 184/26/137 193/26/136 58/26/80 62/26/79
f 54/26/52 53/26/51 194/26/138 185/26/139
f 185/26/139 194/26/138 195/26/140 186/26/141
f 186/26/141 195/26/140 196/26/142 187/26/143
f 187/26/143 196/26/142 197/26/144 188/26/145
f 188/26/145 197/26/144 198/26/146 189/26/147
f 189/26/147 198/26/146 199/26/148 190/26/149
f 190/26/149 199/26/148 200/26/150 191/26/151
f 191/26/151 200/26/150 201/26/152 192/26/153
f 192/26/153 201/26/152 202/26/154 193/26/155
f 193/26/155 202/26/154 57/26/70 58/26/69
f 53/26/60 49/26/59 167/26/156 194/26/157
f 194/26/157 167/26/156 168/26/158 195/26/159
f 195/26/159 168/26/158 169/26/160 196/26/161
f 196/26/161 169/26/160 170/26/162 197/26/163
f 197/26/163 170/26/162 171/26/164 198/26/165
f 198/26/165 171/26/164 172/26/166 199/26/167
f 199/26/167 172/26/166 173/26/168 200/26/169
f 200/26/169 173/26/168 174/26/170 201/26/171
f 201/26/171 174/26/170 175/26/172 202/26/173
f 202/26/173 175/26/172 61/26/76 57/26/75
f 204/26/58 213/26/57 214/26/174 205/26/175
f 205/26/175 214/26/174 215/26/176 206/26/177
f 206/26/177 215/26/176 216/26/178 207/26/179
f 207/26/179 216/26/178 217/26/180 208/26/181
f 208/26/181 217/26/180 218/26/182 209/26/183
f 209/26/183 218/26/182 219/26/184 210/26/185
f 210/26/185 219/26/184 220/26/186 211/26/187
f 211/26/187 220/26/186 70/26/88 69/26/87
f 52/26/66 48/26/65 221/26/188 212/26/189
f 212/26/189 221/26/188 222/26/190 213/26/191
f 213/26/191 222/26/190 223/26/192 214/26/193
f 214/26/193 223/26/192 224/26/194 215/26/195
f 215/26/195 224/26/194 225/26/196 216/26/197
f 216/26/197 225/26/196 226/26/198 217/26/199
f 217/26/199 226/26/198 227/26/200 218/26/201
f 218/26/201 227/26/200 228/26/202 219/26/203
f 219/26/203 228/26/202 229/26/204 220/26/205
f 220/26/205 229/26/204 66/26/96 70/26/95
f 48/26/44 47/26/43 230/26/206 221/26/207
f 221/26/207 230/26/206 231/26/208 222/26/209
f 222/26/209 231/26/208 232/26/210 223/26/211
f 223/26/211 232/26/210 233/26/212 224/26/213
f 224/26/213 233/26/212 234/26/214 225/26/215
f 225/26/215 234/26/214 235/26/216 226/26/217
f 226/26/217 235/26/216 236/26/218 227/26/219
f 227/26/219 236/26/218 237/26/220 228/26/221
f 228/26/221 237/26/220 238/26/222 229/26/223
f 229/26/223 238/26/222 65/26/86 66/26/85
f 47/26/62 51/26/61 203/26/224 230/26/225
f 230/26/225 203/26/224 204/26/226 231/26/227
f 231/26/227 204/26/226 205/26/228 232/26/229
f 232/26/229 205/26/228 206/26/230 233/26/231
f 233/26/231 206/26/230 207/26/232 234/26/233
f 234/26/233 207/26/232 208/26/234 235/26/235
f 235/26/235 208/26/234 209/26/236 236/26/237
f 236/26/237 209/26/236 210/26/238 237/26/239
f 237/26/239 210/26/238 211/26/240 238/26/241
f 238/26/241 211/26/240 69/26/92 65/26/91
f 240/26/58 249/26/57 250/26/174 241/26/175
f 241/26/175 250/26/174 251/26/176 242/26/177
f 242/26/177 251/26/176 252/26/178 243/26/179
f 243/26/179 252/26/178 253/26/180 244/26/242
f 244/26/242 253/26/180 254/26/182 245/26/183
f 245/26/183 254/26/182 255/26/184 246/26/185
f 246/26/185 255/26/184 256/26/186 247/26/187
f 247/26/187 256/26/186 102/26/88 101/26/87
f 84/26/66 80/26/65 257/26/188 248/26/189
f 248/26/189 257/26/188 258/26/190 249/26/243
f 249/26/243 258/26/190 259/26/192 250/26/193
f 250/26/193 259/26/192 260/26/194 251/26/195
f 251/26/195 260/26/194 261/26/196 252/26/197
f 252/26/197 261/26/196 262/26/198 253/26/199
f 253/26/199 262/26/198 263/26/200 254/26/201
f 254/26/201 263/26/200 264/26/202 255/26/203
f 255/26/203 264/26/202 265/26/204 256/26/205
f 256/26/205 265/26/204 98/26/96 102/26/95
f 80/26/44 79/26/43 266/26/206 257/26/207
f 257/26/207 266/26/206 267/26/208 258/26/209
f 258/26/209 267/26/208 268/26/210 259/26/211
f 259/26/211 268/26/210 269/26/212 260/26/213
f 260/26/213 269/26/212 270/26/214 261/26/215
f 261/26/215 270/26/214 271/26/216 262/26/217
f 262/26/217 271/26/216 272/26/218 263/26/219
f 263/26/219 272/26/218 273/26/220 264/26/221
f 264/26/221 273/26/220 274/26/222 265/26/223
f 265/26/223 274/26/222 97/26/86 98/26/85
f 79/26/62 83/26/61 239/26/224 266/26/225
f 266/26/225 239/26/224 240/26/226 267/26/244
f 267/26/244 240/26/226 241/26/228 268/26/229
f 268/26/229 241/26/228 242/26/230 269/26/231
f 269/26/231 242/26/230 243/26/232 270/26/233
f 270/26/233 243/26/232 244/26/234 271/26/235
f 271/26/235 244/26/234 245/26/236 272/26/237
f 272/26/237 245/26/236 246/26/238 273/26/239
f 273/26/239 246/26/238 247/26/240 274/26/241
f 274/26/241 247/26/240 101/26/92 97/26/91
f 276/26/58 285/26/57 286/26/174 277/26/175
f 277/26/175 286/26/174 287/26/176 278/26/177
f 278/26/177 287/26/176 288/26/178 279/26/179
f 279/26/179 288/26/178 289/26/180 280/26/242
f 280/26/242 289/26/180 290/26/182 281/26/183
f 281/26/183 290/26/182 291/26/184 282/26/185
f 282/26/185 291/26/184 292/26/186 283/26/187
f 283/26/187 292/26/186 134/26/88 133/26/87
f 116/26/66 112/26/65 293/26/188 284/26/189
f 284/26/189 293/26/188 294/26/190 285/26/191
f 285/26/191 294/26/190 295/26/192 286/26/193
f 286/26/193 295/26/192 296/26/194 287/26/195
f 287/26/195 296/26/194 297/26/196 288/26/197
f 288/26/197 297/26/196 298/26/198 289/26/199
f 289/26/199 298/26/198 299/26/200 290/26/201
f 290/26/201 299/26/200 300/26/202 291/26/203
f 291/26/203 300/26/202 301/26/204 292/26/205
f 292/26/205 301/26/204 130/26/96 134/26/95
f 112/26/44 111/26/43 302/26/206 293/26/207
f 293/26/207 302/26/206 303/26/208 294/26/209
f 294/26/209 303/26/208 304/26/210 295/26/211
f 295/26/211 304/26/210 305/26/212 296/26/213
f 296/26/213 305/26/212 306/26/214 297/26/215
f 297/26/215 306/26/214 307/26/216 298/26/217
f 298/26/217 307/26/216 308/26/218 299/26/219
f 299/26/219 308/26/218 309/26/220 300/26/221
f 300/26/221 309/26/220 310/26/222 301/26/223
f 301/26/223 310/26/222 129/26/86 130/26/85
f 111/26/62 115/26/61 275/26/224 302/26/225
f 302/26/225 275/26/224 276/26/226 303/26/245
f 303/26/245 276/26/226 277/26/228 304/26/229
f 304/26/229 277/26/228 278/26/230 305/26/231
f 305/26/231 278/26/230 279/26/232 306/26/233
f 306/26/233 279/26/232 280/26/234 307/26/235
f 307/26/235 280/26/234 281/26/236 308/26/237
f 308/26/237 281/26/236 282/26/238 309/26/239
f 309/26/239 282/26/238 283/26/240 310/26/241
f 310/26/241 283/26/240 133/26/92 129/26/91
f 312/26/58 321/26/57 322/26/174 313/26/175
f 313/26/175 322/26/174 323/26/176 314/26/177
f 314/26/177 323/26/176 324/26/178 315/26/179
f 315/26/179 324/26/178 325/26/180 316/26/181
f 316/26/181 325/26/180 326/26/182 317/26/183
f 317/26/183 326/26/182 327/26/184 318/26/185
f 318/26/185 327/26/184 328/26/186 319/26/187
f 319/26/187 328/26/186 166/26/88 165/26/87
f 148/26/66 144/26/65 329/26/188 320/26/189
f 320/26/189 329/26/188 330/26/246 321/26/243
f 321/26/243 330/26/246 331/26/192 322/26/193
f 322/26/193 331/26/192 332/26/194 323/26/195
f 323/26/195 332/26/194 333/26/196 324/26/197
f 324/26/197 333/26/196 334/26/198 325/26/199
f 325/26/199 334/26/198 335/26/200 326/26/201
f 326/26/201 335/26/200 336/26/202 327/26/203
f 327/26/203 336/26/202 337/26/204 328/26/205
f 328/26/205 337/26/204 162/26/96 166/26/95
f 144/26/44 143/26/43 338/26/206 329/26/207
f 329/26/207 338/26/206 339/26/208 330/26/209
f 330/26/209 339/26/208 340/26/210 331/26/211
f 331/26/211 340/26/210 341/26/212 332/26/213
f 332/26/213 341/26/212 342/26/214 333/26/215
f 333/26/215 342/26/214 343/26/216 334/26/217
f 334/26/217 343/26/216 344/26/218 335/26/219
f 335/26/219 344/26/218 345/26/220 336/26/221
f 336/26/221 345/26/220 346/26/222 337/26/223
f 337/26/223 346/26/222 161/26/86 162/26/85
f 143/26/62 147/26/61 311/26/224 338/26/225
f 338/26/225 311/26/224 312/26/226 339/26/245
f 339/26/245 312/26/226 313/26/228 340/26/229
f 340/26/229 313/26/228 314/26/230 341/26/231
f 341/26/231 314/26/230 315/26/232 342/26/233
f 342/26/233 315/26/232 316/26/234 343/26/235
f 343/26/235 316/26/234 317/26/236 344/26/237
f 344/26/237 317/26/236 318/26/238 345/26/239
f 345/26/239 318/26/238 319/26/240 346/26/241
f 346/26/241 319/26/240 165/26/92 161/26/91
f 348/26/24 349/26/247 358/26/248 357/26/25
f 349/26/247 350/26/249 359/26/250 358/26/248
f 350/26/249 351/26/251 360/26/252 359/26/250
f 351/26/251 352/26/253 361/26/254 360/26/252
f 352/26/253 353/26/255 362/26/256 361/26/254
f 353/26/255 354/26/257 363/26/258 362/26/256
f 354/26/257 355/26/259 364/26/260 363/26/258
f 355/26/259 91/26/74 92/26/73 364/26/260
f 46/26/39 356/26/261 365/26/262 42/26/40
f 356/26/261 357/26/263 366/26/264 365/26/262
f 357/26/263 358/26/265 367/26/266 366/26/264
f 358/26/265 359/26/267 368/26/268 367/26/266
f 359/26/267 360/26/269 369/26/270 368/26/268
f 360/26/269 361/26/271 370/26/272 369/26/270
f 361/26/271 362/26/273 371/26/274 370/26/272
f 362/26/273 363/26/275 372/26/276 371/26/274
f 363/26/275 364/26/277 373/26/278 372/26/276
f 364/26/277 92/26/82 88/26/81 373/26/278
f 42/26/21 365/26/279 374/26/280 41/26/22
f 365/26/279 366/26/281 375/26/282 374/26/280
f 366/26/281 367/26/283 376/26/284 375/26/282
f 367/26/283 368/26/285 377/26/286 376/26/284
f 368/26/285 369/26/287 378/26/288 377/26/286
f 369/26/287 370/26/289 379/26/290 378/26/288
f 370/26/289 371/26/291 380/26/292 379/26/290
f 371/26/291 372/26/293 381/26/294 380/26/292
f 372/26/293 373/26/295 382/26/296 381/26/294
f 373/26/295 88/26/68 87/26/67 382/26/296
f 41/26/35 374/26/297 347/26/298 45/26/36
f 374/26/297 375/26/299 348/26/300 347/26/298
f 375/26/299 376/26/301 349/26/302 348/26/300
f 376/26/301 377/26/303 350/26/304 349/26/302
f 377/26/303 378/26/305 351/26/306 350/26/304
f 378/26/305 379/26/307 352/26/308 351/26/306
f 379/26/307 380/26/309 353/26/310 352/26/308
f 380/26/309 381/26/311 354/26/312 353/26/310
f 381/26/311 382/26/313 355/26/314 354/26/312
f 382/26/313 87/26/78 91/26/77 355/26/314
f 384/26/24 385/26/247 394/26/248 393/26/25
f 385/26/247 386/26/249 395/26/250 394/26/248
f 386/26/249 387/26/251 396/26/252 395/26/250
f 387/26/251 388/26/253 397/26/254 396/26/252
f 388/26/253 389/26/255 398/26/256 397/26/254
f 389/26/255 390/26/257 399/26/258 398/26/256
f 390/26/257 391/26/259 400/26/260 399/26/258
f 391/26/259 123/26/74 124/26/73 400/26/260
f 78/26/39 392/26/261 401/26/262 74/26/40
f 392/26/261 393/26/263 402/26/264 401/26/262
f 393/26/263 394/26/265 403/26/266 402/26/264
f 394/26/265 395/26/267 404/26/268 403/26/266
f 395/26/267 396/26/269 405/26/270 404/26/268
f 396/26/269 397/26/271 406/26/272 405/26/270
f 397/26/271 398/26/273 407/26/274 406/26/272
f 398/26/273 399/26/275 408/26/276 407/26/274
f 399/26/275 400/26/277 409/26/278 408/26/276
f 400/26/277 124/26/82 120/26/81 409/26/278
f 74/26/21 401/26/279 410/26/280 73/26/22
f 401/26/279 402/26/281 411/26/282 410/26/280
f 402/26/281 403/26/283 412/26/284 411/26/282
f 403/26/283 404/26/285 413/26/286 412/26/284
f 404/26/285 405/26/287 414/26/288 413/26/286
f 405/26/287 406/26/289 415/26/290 414/26/288
f 406/26/289 407/26/291 416/26/292 415/26/290
f 407/26/291 408/26/293 417/26/294 416/26/292
f 408/26/293 409/26/295 418/26/296 417/26/294
f 409/26/295 120/26/68 119/26/67 418/26/296
f 73/26/35 410/26/297 383/26/298 77/26/36
f 410/26/297 411/26/299 384/26/300 383/26/298
f 411/26/299 412/26/301 385/26/302 384/26/300
f 412/26/301 413/26/303 386/26/304 385/26/302
f 413/26/303 414/26/305 387/26/306 386/26/304
f 414/26/305 415/26/307 388/26/308 387/26/306
f 415/26/307 416/26/309 389/26/310 388/26/308
f 416/26/309 417/26/311 390/26/312 389/26/310
f 417/26/311 418/26/313 391/26/314 390/26/312
f 418/26/313 119/26/78 123/26/77 391/26/314
f 420/26/24 421/26/247 430/26/248 429/26/25
f 421/26/247 422/26/249 431/26/250 430/26/248
f 422/26/249 423/26/251 432/26/252 431/26/250
f 423/26/251 424/26/253 433/26/254 432/26/252
f 424/26/253 425/26/255 434/26/256 433/26/254
f 425/26/255 426/26/257 435/26/258 434/26/256
f 426/26/257 427/26/259 436/26/260 435/26/258
f 427/26/259 155/26/74 156/26/73 436/26/260
f 110/26/39 428/26/261 437/26/262 106/26/40
f 428/26/261 429/26/263 438/26/264 437/26/262
f 429/26/263 430/26/265 439/26/266 438/26/264
f 430/26/265 431/26/315 440/26/268 439/26/266
f 431/26/315 432/26/269 441/26/270 440/26/268
f 432/26/269 433/26/271 442/26/272 441/26/270
f 433/26/271 434/26/273 443/26/274 442/26/272
f 434/26/273 435/26/275 444/26/276 443/26/274
f 435/26/275 436/26/277 445/26/278 444/26/276
f 436/26/277 156/26/82 152/26/81 445/26/278
f 106/26/21 437/26/279 446/26/280 105/26/22
f 437/26/279 438/26/281 447/26/282 446/26/280
f 438/26/281 439/26/283 448/26/284 447/26/282
f 439/26/283 440/26/285 449/26/286 448/26/284
f 440/26/285 441/26/287 450/26/288 449/26/286
f 441/26/287 442/26/289 451/26/316 450/26/288
f 442/26/289 443/26/291 452/26/292 451/26/316
f 443/26/291 444/26/293 453/26/294 452/26/292
f 444/26/293 445/26/295 454/26/296 453/26/294
f 445/26/295 152/26/68 151/26/67 454/26/296
f 105/26/35 446/26/297 419/26/298 109/26/36
f 446/26/297 447/26/299 420/26/300 419/26/298
f 447/26/299 448/26/301 421/26/302 420/26/300
f 448/26/301 449/26/303 422/26/304 421/26/302
f 449/26/303 450/26/305 423/26/306 422/26/304
f 450/26/305 451/26/307 424/26/308 423/26/306
f 451/26/307 452/26/309 425/26/310 424/26/308
f 452/26/309 453/26/311 426/26/312 425/26/310
f 453/26/311 454/26/313 427/26/314 426/26/312
f 454/26/313 151/26/78 155/26/77 427/26/314
f 456/26/50 465/26/49 466/26/106 457/26/107
f 457/26/107 466/26/106 467/26/108 458/26/109
f 458/26/109 467/26/108 468/26/110 459/26/111
f 459/26/111 468/26/110 469/26/112 460/26/113
f 460/26/113 469/26/112 470/26/114 461/26/115
f 461/26/115 470/26/114 471/26/116 462/26/117
f 462/26/117 471/26/116 472/26/118 463/26/119
f 463/26/119 472/26/118 158/26/72 157/26/71
f 146/26/64 150/26/63 473/26/120 464/26/121
f 464/26/121 473/26/120 474/26/317 465/26/123
f 465/26/123 474/26/317 475/26/124 466/26/125
f 466/26/125 475/26/124 476/26/126 467/26/127
f 467/26/127 476/26/126 477/26/128 468/26/129
f 468/26/129 477/26/128 478/26/130 469/26/131
f 469/26/131 478/26/130 479/26/132 470/26/133
f 470/26/133 479/26/132 480/26/134 471/26/135
f 471/26/135 480/26/134 481/26/136 472/26/137
f 472/26/137 481/26/136 154/26/80 158/26/79
f 150/26/52 149/26/51 482/26/138 473/26/139
f 473/26/139 482/26/138 483/26/140 474/26/141
f 474/26/141 483/26/140 484/26/142 475/26/143
f 475/26/143 484/26/142 485/26/144 476/26/145
f 476/26/145 485/26/144 486/26/146 477/26/147
f 477/26/147 486/26/146 487/26/148 478/26/149
f 478/26/149 487/26/148 488/26/150 479/26/151
f 479/26/151 488/26/150 489/26/152 480/26/153
f 480/26/153 489/26/152 490/26/154 481/26/155
f 481/26/155 490/26/154 153/26/70 154/26/69
f 149/26/102 145/26/59 455/26/156 482/26/157
f 482/26/157 455/26/156 456/26/158 483/26/159
f 483/26/159 456/26/158 457/26/160 484/26/161
f 484/26/161 457/26/160 458/26/162 485/26/163
f 485/26/163 458/26/162 459/26/164 486/26/318
f 486/26/318 459/26/164 460/26/319 487/26/167
f 487/26/167 460/26/319 461/26/168 488/26/169
f 488/26/169 461/26/168 462/26/170 489/26/171
f 489/26/171 462/26/170 463/26/172 490/26/173
f 490/26/173 463/26/172 157/26/76 153/26/75
f 492/26/50 501/26/49 502/26/106 493/26/107
f 493/26/107 502/26/106 503/26/108 494/26/109
f 494/26/109 503/26/108 504/26/110 495/26/111
f 495/26/111 504/26/110 505/26/112 496/26/113
f 496/26/113 505/26/112 506/26/114 497/26/115
f 497/26/115 506/26/114 507/26/116 498/26/117
f 498/26/117 507/26/116 508/26/118 499/26/119
f 499/26/119 508/26/118 126/26/72 125/26/71
f 114/26/64 118/26/63 509/26/120 500/26/121
f 500/26/121 509/26/120 510/26/317 501/26/123
f 501/26/123 510/26/317 511/26/124 502/26/125
f 502/26/125 511/26/124 512/26/126 503/26/127
f 503/26/127 512/26/126 513/26/320 504/26/129
f 504/26/129 513/26/320 514/26/130 505/26/321
f 505/26/321 514/26/130 515/26/132 506/26/133
f 506/26/133 515/26/132 516/26/134 507/26/135
f 507/26/135 516/26/134 517/26/136 508/26/137
f 508/26/137 517/26/136 122/26/80 126/26/79
f 118/26/52 117/26/51 518/26/138 509/26/139
f 509/26/139 518/26/138 519/26/140 510/26/141
f 510/26/141 519/26/140 520/26/142 511/26/143
f 511/26/143 520/26/142 521/26/144 512/26/145
f 512/26/145 521/26/144 522/26/146 513/26/147
f 513/26/147 522/26/146 523/26/148 514/26/149
f 514/26/149 523/26/148 524/26/150 515/26/151
f 515/26/151 524/26/150 525/26/152 516/26/153
f 516/26/153 525/26/152 526/26/154 517/26/155
f 517/26/155 526/26/154 121/26/70 122/26/69
f 117/26/102 113/26/59 491/26/156 518/26/157
f 518/26/157 491/26/156 492/26/158 519/26/159
f 519/26/159 492/26/158 493/26/160 520/26/161
f 520/26/161 493/26/160 494/26/162 521/26/163
f 521/26/163 494/26/162 495/26/164 522/26/165
f 522/26/165 495/26/164 496/26/166 523/26/167
f 523/26/167 496/26/166 497/26/168 524/26/169
f 524/26/169 497/26/168 498/26/170 525/26/171
f 525/26/171 498/26/170 499/26/172 526/26/173
f 526/26/173 499/26/172 125/26/76 121/26/75
f 528/26/50 537/26/49 538/26/106 529/26/107
f 529/26/107 538/26/106 539/26/108 530/26/109
f 530/26/109 539/26/108 540/26/110 531/26/111
f 531/26/111 540/26/110 541/26/112 532/26/113
f 532/26/113 541/26/112 542/26/114 533/26/115
f 533/26/115 542/26/114 543/26/116 534/26/117
f 534/26/117 543/26/116 544/26/118 535/26/119
f 535/26/119 544/26/118 94/26/72 93/26/71
f 82/26/64 86/26/63 545/26/120 536/26/121
f 536/26/121 545/26/120 546/26/122 537/26/123
f 537/26/123 546/26/122 547/26/124 538/26/125
f 538/26/125 547/26/124 548/26/126 539/26/127
f 539/26/127 548/26/126 549/26/128 540/26/129
f 540/26/129 549/26/128 550/26/130 541/26/131
f 541/26/131 550/26/130 551/26/132 542/26/133
f 542/26/133 551/26/132 552/26/134 543/26/135
f 543/26/135 552/26/134 553/26/136 544/26/137
f 544/26/137 553/26/136 90/26/80 94/26/79
f 86/26/52 85/26/51 554/26/138 545/26/139
f 545/26/139 554/26/138 555/26/140 546/26/141
f 546/26/141 555/26/140 556/26/142 547/26/143
f 547/26/143 556/26/142 557/26/144 548/26/145
f 548/26/145 557/26/144 558/26/146 549/26/147
f 549/26/147 558/26/146 559/26/148 550/26/149
f 550/26/149 559/26/148 560/26/150 551/26/151
f 551/26/151 560/26/150 561/26/152 552/26/153
f 552/26/153 561/26/152 562/26/154 553/26/155
f 553/26/155 562/26/154 89/26/70 90/26/69
f 85/26/60 81/26/59 527/26/156 554/26/157
f 554/26/157 527/26/156 528/26/158 555/26/159
f 555/26/159 528/26/158 529/26/160 556/26/161
f 556/26/161 529/26/160 530/26/162 557/26/163
f 557/26/163 530/26/162 531/26/164 558/26/318
f 558/26/318 531/26/164 532/26/166 559/26/167
f 559/26/167 532/26/166 533/26/168 560/26/169
f 560/26/169 533/26/168 534/26/170 561/26/171
f 561/26/171 534/26/170 535/26/172 562/26/173
f 562/26/173 535/26/172 93/26/76 89/26/75
f 564/26/32 565/26/322 574/26/323 573/26/33
f 565/26/322 566/26/324 575/26/325 574/26/323
f 566/26/324 567/26/326 576/26/327 575/26/325
f 567/26/326 568/26/328 577/26/329 576/26/327
f 568/26/328 569/26/330 578/26/331 577/26/329
f 569/26/330 570/26/332 579/26/333 578/26/331
f 570/26/332 571/26/334 580/26/335 579/26/333
f 571/26/334 163/26/90 164/26/89 580/26/335
f 136/26/41 572/26/336 581/26/337 140/26/42
f 572/26/336 573/26/338 582/26/339 581/26/337
f 573/26/338 574/26/340 583/26/341 582/26/339
f 574/26/340 575/26/342 584/26/343 583/26/341
f 575/26/342 576/26/344 585/26/345 584/26/343
f 576/26/344 577/26/346 586/26/347 585/26/345
f 577/26/346 578/26/348 587/26/349 586/26/347
f 578/26/348 579/26/350 588/26/351 587/26/349
f 579/26/350 580/26/352 589/26/353 588/26/351
f 580/26/352 164/26/98 160/26/97 589/26/353
f 140/26/29 581/26/354 590/26/355 139/26/30
f 581/26/354 582/26/356 591/26/357 590/26/355
f 582/26/356 583/26/358 592/26/359 591/26/357
f 583/26/358 584/26/360 593/26/361 592/26/359
f 584/26/360 585/26/362 594/26/363 593/26/361
f 585/26/362 586/26/364 595/26/365 594/26/363
f 586/26/364 587/26/366 596/26/367 595/26/365
f 587/26/366 588/26/368 597/26/369 596/26/367
f 588/26/368 589/26/370 598/26/371 597/26/369
f 589/26/370 160/26/84 159/26/83 598/26/371
f 139/26/37 590/26/372 563/26/373 135/26/38
f 590/26/372 591/26/374 564/26/375 563/26/373
f 591/26/374 592/26/376 565/26/377 564/26/375
f 592/26/376 593/26/378 566/26/379 565/26/377
f 593/26/378 594/26/380 567/26/381 566/26/379
f 594/26/380 595/26/382 568/26/383 567/26/381
f 595/26/382 596/26/384 569/26/385 568/26/383
f 596/26/384 597/26/386 570/26/387 569/26/385
f 597/26/386 598/26/388 571/26/389 570/26/387
f 598/26/388 159/26/94 163/26/93 571/26/389
f 600/26/32 601/26/322 610/26/323 609/26/33
f 601/26/322 602/26/324 611/26/325 610/26/323
f 602/26/324 603/26/326 612/26/327 611/26/325
f 603/26/326 604/26/328 613/26/329 612/26/327
f 604/26/328 605/26/330 614/26/331 613/26/329
f 605/26/330 606/26/332 615/26/333 614/26/331
f 606/26/332 607/26/334 616/26/335 615/26/333
f 607/26/334 131/26/90 132/26/89 616/26/335
f 104/26/41 608/26/336 617/26/337 108/26/42
f 608/26/336 609/26/338 618/26/339 617/26/337
f 609/26/338 610/26/340 619/26/341 618/26/339
f 610/26/340 611/26/342 620/26/343 619/26/341
f 611/26/342 612/26/344 621/26/345 620/26/343
f 612/26/344 613/26/346 622/26/347 621/26/345
f 613/26/346 614/26/348 623/26/349 622/26/347
f 614/26/348 615/26/350 624/26/351 623/26/349
f 615/26/350 616/26/352 625/26/353 624/26/351
f 616/26/352 132/26/98 128/26/97 625/26/353
f 108/26/29 617/26/354 626/26/355 107/26/30
f 617/26/354 618/26/356 627/26/357 626/26/355
f 618/26/356 619/26/358 628/26/359 627/26/357
f 619/26/358 620/26/360 629/26/361 628/26/359
f 620/26/360 621/26/362 630/26/363 629/26/361
f 621/26/362 622/26/364 631/26/365 630/26/363
f 622/26/364 623/26/366 632/26/367 631/26/365
f 623/26/366 624/26/368 633/26/369 632/26/367
f 624/26/368 625/26/370 634/26/371 633/26/369
f 625/26/370 128/26/84 127/26/83 634/26/371
f 107/26/101 626/26/372 599/26/373 103/26/38
f 626/26/372 627/26/374 600/26/375 599/26/373
f 627/26/374 628/26/376 601/26/377 600/26/375
f 628/26/376 629/26/378 602/26/390 601/26/377
f 629/26/378 630/26/380 603/26/381 602/26/390
f 630/26/380 631/26/382 604/26/383 603/26/381
f 631/26/382 632/26/384 605/26/385 604/26/383
f 632/26/384 633/26/386 606/26/387 605/26/385
f 633/26/386 634/26/388 607/26/389 606/26/387
f 634/26/388 127/26/94 131/26/93 607/26/389
f 636/26/32 637/26/322 646/26/323 645/26/33
f 637/26/322 638/26/324 647/26/325 646/26/323
f 638/26/324 639/26/326 648/26/327 647/26/325
f 639/26/326 640/26/328 649/26/329 648/26/327
f 640/26/328 641/26/330 650/26/331 649/26/329
f 641/26/330 642/26/332 651/26/333 650/26/331
f 642/26/332 643/26/334 652/26/335 651/26/333
f 643/26/334 99/26/90 100/26/89 652/26/335
f 72/26/41 644/26/336 653/26/337 76/26/99
f 644/26/336 645/26/338 654/26/339 653/26/337
f 645/26/338 646/26/340 655/26/341 654/26/339
f 646/26/340 647/26/391 656/26/343 655/26/341
f 647/26/391 648/26/344 657/26/345 656/26/343
f 648/26/344 649/26/346 658/26/347 657/26/345
f 649/26/346 650/26/348 659/26/349 658/26/347
f 650/26/348 651/26/350 660/26/351 659/26/349
f 651/26/350 652/26/352 661/26/353 660/26/351
f 652/26/352 100/26/98 96/26/97 661/26/353
f 76/26/29 653/26/354 662/26/355 75/26/30
f 653/26/354 654/26/356 663/26/357 662/26/355
f 654/26/356 655/26/358 664/26/359 663/26/357
f 655/26/358 656/26/360 665/26/361 664/26/359
f 656/26/360 657/26/362 666/26/363 665/26/361
f 657/26/362 658/26/364 667/26/365 666/26/363
f 658/26/364 659/26/366 668/26/367 667/26/365
f 659/26/366 660/26/368 669/26/369 668/26/367
f 660/26/368 661/26/370 670/26/371 669/26/369
f 661/26/370 96/26/84 95/26/83 670/26/371
f 75/26/37 662/26/372 635/26/373 71/26/38
f 662/26/372 663/26/374 636/26/375 635/26/373
f 663/26/374 664/26/376 637/26/377 636/26/375
f 664/26/376 665/26/378 638/26/379 637/26/377
f 665/26/378 666/26/380 639/26/381 638/26/379
f 666/26/380 667/26/382 640/26/383 639/26/381
f 667/26/382 668/26/384 641/26/385 640/26/383
f 668/26/384 669/26/386 642/26/387 641/26/385
f 669/26/386 670/26/388 643/26/389 642/26/387
f 670/26/388 95/26/100 99/26/93 643/26/389
f 672/26/32 673/26/322 682/26/323 681/26/33
f 673/26/322 674/26/324 683/26/325 682/26/323
f 674/26/324 675/26/326 684/26/327 683/26/325
f 675/26/326 676/26/328 685/26/329 684/26/327
f 676/26/328 677/26/330 686/26/331 685/26/329
f 677/26/330 678/26/332 687/26/333 686/26/331
f 678/26/332 679/26/334 688/26/335 687/26/333
f 679/26/334 67/26/90 68/26/89 688/26/335
f 40/26/41 680/26/336 689/26/337 44/26/42
f 680/26/336 681/26/338 690/26/339 689/26/337
f 681/26/338 682/26/340 691/26/341 690/26/339
f 682/26/340 683/26/391 692/26/343 691/26/341
f 683/26/391 684/26/344 693/26/345 692/26/343
f 684/26/344 685/26/346 694/26/347 693/26/345
f 685/26/346 686/26/348 695/26/349 694/26/347
f 686/26/348 687/26/350 696/26/351 695/26/349
f 687/26/350 688/26/352 697/26/353 696/26/351
f 688/26/352 68/26/98 64/26/97 697/26/353
f 44/26/29 689/26/354 698/26/355 43/26/30
f 689/26/354 690/26/356 699/26/357 698/26/355
f 690/26/356 691/26/358 700/26/359 699/26/357
f 691/26/358 692/26/360 701/26/361 700/26/359
f 692/26/360 693/26/362 702/26/363 701/26/361
f 693/26/362 694/26/364 703/26/365 702/26/363
f 694/26/364 695/26/366 704/26/367 703/26/365
f 695/26/366 696/26/368 705/26/369 704/26/367
f 696/26/368 697/26/370 706/26/371 705/26/369
f 697/26/370 64/26/84 63/26/83 706/26/371
f 43/26/37 698/26/372 671/26/373 39/26/38
f 698/26/372 699/26/374 672/26/375 671/26/373
f 699/26/374 700/26/376 673/26/377 672/26/375
f 700/26/376 701/26/378 674/26/379 673/26/377
f 701/26/378 702/26/380 675/26/381 674/26/379
f 702/26/380 703/26/382 676/26/383 675/26/381
f 703/26/382 704/26/384 677/26/385 676/26/383
f 704/26/384 705/26/386 678/26/387 677/26/385
f 705/26/386 706/26/388 679/26/389 678/26/387
f 706/26/388 63/26/94 67/26/93 679/26/389
f 707/22/103 708/23/103 710/24/392 709/25/393
f 843/26/394 844/26/395 853/26/396 852/26/397
f 713/27/398 714/28/399 712/29/105 711/30/105
f 711/30/400 712/29/400 708/35/400 707/36/400
f 709/31/401 713/27/402 711/30/1 707/32/1
f 714/28/403 710/33/404 708/34/2 712/29/2
f 715/22/19 716/23/20 718/24/21 717/25/22
f 1059/26/23 1060/26/24 1069/26/25 1068/26/26
f 721/27/27 722/28/28 720/29/29 719/30/30
f 1383/26/31 1384/26/32 1393/26/33 1392/26/34
f 717/31/35 721/27/36 719/30/37 715/32/38
f 722/28/39 718/33/40 716/34/41 720/29/42
f 723/22/43 724/23/44 726/24/45 725/25/46
f 879/26/47 888/26/48 889/26/49 880/26/50
f 729/27/51 730/28/52 728/29/53 727/30/54
f 915/26/55 924/26/56 925/26/57 916/26/58
f 725/31/59 729/27/60 727/30/61 723/32/62
f 730/28/405 726/33/64 724/34/65 728/29/66
f 731/22/406 732/23/407 734/24/69 733/25/70
f 725/26/46 726/26/45 888/26/48 879/26/47
f 737/27/71 738/28/72 736/29/408 735/30/409
f 713/26/398 843/26/394 852/26/397 714/26/399
f 733/31/75 737/27/76 735/30/410 731/32/411
f 738/28/79 734/33/80 732/34/412 736/29/413
f 739/22/83 740/23/84 742/24/85 741/25/86
f 727/26/54 728/26/53 924/26/56 915/26/55
f 745/27/87 746/28/88 744/29/89 743/30/90
f 715/26/19 1383/26/31 1392/26/34 716/26/20
f 741/31/91 745/27/92 743/30/93 739/32/94
f 746/28/95 742/33/96 740/34/97 744/29/98
f 747/22/19 748/23/20 750/24/21 749/25/22
f 1095/26/23 1096/26/24 1105/26/25 1104/26/26
f 753/27/27 754/28/28 752/29/29 751/30/30
f 1347/26/31 1348/26/32 1357/26/33 1356/26/34
f 749/31/35 753/27/36 751/30/37 747/32/38
f 754/28/39 750/33/40 748/34/41 752/29/99
f 755/22/43 756/23/44 758/24/45 757/25/46
f 1239/26/47 1248/26/48 1249/26/49 1240/26/50
f 761/27/51 762/28/52 760/29/53 759/30/54
f 951/26/55 960/26/56 961/26/57 952/26/58
f 757/31/59 761/27/60 759/30/61 755/32/62
f 762/28/63 758/33/64 756/34/65 760/29/66
f 763/22/67 764/23/68 766/24/69 765/25/70
f 757/26/46 758/26/45 1248/26/48 1239/26/47
f 769/27/71 770/28/72 768/29/73 767/30/74
f 721/26/27 1059/26/23 1068/26/26 722/26/28
f 765/31/75 769/27/76 767/30/77 763/32/78
f 770/28/79 766/33/80 764/34/81 768/29/82
f 771/22/83 772/23/84 774/24/85 773/25/86
f 759/26/54 760/26/53 960/26/56 951/26/55
f 777/27/87 778/28/88 776/29/89 775/30/90
f 747/26/19 1347/26/31 1356/26/34 748/26/20
f 773/31/91 777/27/92 775/30/93 771/32/94
f 778/28/95 774/33/96 772/34/97 776/29/98
f 779/22/19 780/23/20 782/24/21 781/25/22
f 1131/26/23 1132/26/24 1141/26/25 1140/26/26
f 785/27/27 786/28/28 784/29/29 783/30/30
f 1311/26/31 1312/26/32 1321/26/33 1320/26/34
f 781/31/35 785/27/36 783/30/101 779/32/38
f 786/28/39 782/33/40 780/34/41 784/29/42
f 787/22/43 788/23/44 790/24/45 789/25/46
f 1203/26/47 1212/26/48 1213/26/49 1204/26/50
f 793/27/51 794/28/52 792/29/53 791/30/54
f 987/26/55 996/26/56 997/26/57 988/26/58
f 789/31/59 793/27/60 791/30/61 787/32/62
f 794/28/63 790/33/64 788/34/65 792/29/66
f 795/22/67 796/23/68 798/24/69 797/25/70
f 789/26/46 790/26/45 1212/26/48 1203/26/47
f 801/27/71 802/28/72 800/29/73 799/30/74
f 753/26/27 1095/26/23 1104/26/26 754/26/28
f 797/31/75 801/27/76 799/30/77 795/32/78
f 802/28/79 798/33/80 796/34/81 800/29/82
f 803/22/83 804/23/84 806/24/85 805/25/86
f 791/26/54 792/26/53 996/26/56 987/26/55
f 809/27/87 810/28/88 808/29/89 807/30/90
f 779/26/19 1311/26/31 1320/26/34 780/26/20
f 805/31/91 809/27/92 807/30/93 803/32/94
f 810/28/95 806/33/96 804/34/97 808/29/98
f 811/22/19 812/23/20 814/24/21 813/25/22
f 817/27/27 818/28/28 816/29/29 815/30/30
f 1275/26/31 1276/26/32 1285/26/33 1284/26/34
f 813/31/35 817/27/36 815/30/101 811/32/38
f 818/28/39 814/33/40 812/34/41 816/29/99
f 819/22/43 820/23/44 822/24/45 821/25/46
f 1167/26/47 1176/26/48 1177/26/49 1168/26/50
f 825/27/51 826/28/52 824/29/53 823/30/54
f 1023/26/55 1032/26/56 1033/26/57 1024/26/58
f 821/31/59 825/27/60 823/30/61 819/32/62
f 826/28/63 822/33/64 820/34/65 824/29/66
f 827/22/67 828/23/68 830/24/69 829/25/70
f 821/26/46 822/26/45 1176/26/48 1167/26/47
f 833/27/71 834/28/72 832/29/73 831/30/74
f 785/26/27 1131/26/23 1140/26/26 786/26/28
f 829/31/75 833/27/76 831/30/77 827/32/78
f 834/28/79 830/33/80 828/34/81 832/29/82
f 835/22/83 836/23/84 838/24/85 837/25/86
f 823/26/54 824/26/53 1032/26/56 1023/26/55
f 841/27/87 842/28/88 840/29/89 839/30/90
f 811/26/19 1275/26/31 1284/26/34 812/26/20
f 837/31/91 841/27/92 839/30/93 835/32/94
f 842/28/95 838/33/96 836/34/97 840/29/98
f 844/26/395 845/26/414 854/26/415 853/26/396
f 845/26/414 846/26/416 855/26/417 854/26/415
f 846/26/416 847/26/418 856/26/419 855/26/417
f 847/26/418 848/26/420 857/26/421 856/26/419
f 848/26/420 849/26/422 858/26/423 857/26/421
f 849/26/422 850/26/424 859/26/425 858/26/423
f 850/26/424 851/26/426 860/26/427 859/26/425
f 851/26/426 735/26/409 736/26/408 860/26/427
f 714/26/403 852/26/428 861/26/429 710/26/404
f 852/26/428 853/26/430 862/26/431 861/26/429
f 853/26/430 854/26/432 863/26/433 862/26/431
f 854/26/432 855/26/434 864/26/435 863/26/433
f 855/26/434 856/26/436 865/26/437 864/26/435
f 856/26/436 857/26/438 866/26/439 865/26/437
f 857/26/438 858/26/440 867/26/441 866/26/439
f 858/26/440 859/26/442 868/26/443 867/26/441
f 859/26/442 860/26/444 869/26/445 868/26/443
f 860/26/444 736/26/413 732/26/412 869/26/445
f 710/26/392 861/26/446 870/26/447 709/26/393
f 861/26/446 862/26/448 871/26/449 870/26/447
f 862/26/448 863/26/450 872/26/451 871/26/449
f 863/26/450 864/26/452 873/26/453 872/26/451
f 864/26/452 865/26/454 874/26/455 873/26/453
f 865/26/454 866/26/456 875/26/457 874/26/455
f 866/26/456 867/26/458 876/26/459 875/26/457
f 867/26/458 868/26/460 877/26/461 876/26/459
f 868/26/460 869/26/462 878/26/463 877/26/461
f 869/26/462 732/26/407 731/26/406 878/26/463
f 709/26/401 870/26/464 843/26/465 713/26/402
f 870/26/464 871/26/466 844/26/467 843/26/465
f 871/26/466 872/26/468 845/26/469 844/26/467
f 872/26/468 873/26/470 846/26/471 845/26/469
f 873/26/470 874/26/472 847/26/473 846/26/471
f 874/26/472 875/26/474 848/26/475 847/26/473
f 875/26/474 876/26/476 849/26/477 848/26/475
f 876/26/476 877/26/478 850/26/479 849/26/477
f 877/26/478 878/26/480 851/26/481 850/26/479
f 878/26/480 731/26/411 735/26/410 851/26/481
f 880/26/50 889/26/49 890/26/106 881/26/107
f 881/26/107 890/26/106 891/26/108 882/26/109
f 882/26/109 891/26/108 892/26/110 883/26/111
f 883/26/111 892/26/110 893/26/112 884/26/113
f 884/26/113 893/26/112 894/26/114 885/26/115
f 885/26/115 894/26/114 895/26/116 886/26/117
f 886/26/117 895/26/116 896/26/118 887/26/119
f 887/26/119 896/26/118 738/26/72 737/26/71
f 726/26/64 730/26/405 897/26/120 888/26/121
f 888/26/121 897/26/120 898/26/122 889/26/123
f 889/26/123 898/26/122 899/26/124 890/26/125
f 890/26/125 899/26/124 900/26/126 891/26/127
f 891/26/127 900/26/126 901/26/128 892/26/129
f 892/26/129 901/26/128 902/26/130 893/26/131
f 893/26/131 902/26/130 903/26/132 894/26/133
f 894/26/133 903/26/132 904/26/134 895/26/135
f 895/26/135 904/26/134 905/26/136 896/26/137
f 896/26/137 905/26/136 734/26/80 738/26/79
f 730/26/52 729/26/51 906/26/138 897/26/139
f 897/26/139 906/26/138 907/26/140 898/26/141
f 898/26/141 907/26/140 908/26/142 899/26/143
f 899/26/143 908/26/142 909/26/144 900/26/145
f 900/26/145 909/26/144 910/26/146 901/26/147
f 901/26/147 910/26/146 911/26/148 902/26/149
f 902/26/149 911/26/148 912/26/150 903/26/151
f 903/26/151 912/26/150 913/26/152 904/26/153
f 904/26/153 913/26/152 914/26/154 905/26/155
f 905/26/155 914/26/154 733/26/70 734/26/69
f 729/26/60 725/26/59 879/26/156 906/26/157
f 906/26/157 879/26/156 880/26/158 907/26/159
f 907/26/159 880/26/158 881/26/160 908/26/161
f 908/26/161 881/26/160 882/26/162 909/26/163
f 909/26/163 882/26/162 883/26/164 910/26/165
f 910/26/165 883/26/164 884/26/319 911/26/167
f 911/26/167 884/26/319 885/26/168 912/26/169
f 912/26/169 885/26/168 886/26/170 913/26/171
f 913/26/171 886/26/170 887/26/172 914/26/173
f 914/26/173 887/26/172 737/26/76 733/26/75
f 916/26/58 925/26/57 926/26/174 917/26/175
f 917/26/175 926/26/174 927/26/176 918/26/177
f 918/26/177 927/26/176 928/26/178 919/26/179
f 919/26/179 928/26/178 929/26/180 920/26/242
f 920/26/242 929/26/180 930/26/182 921/26/183
f 921/26/183 930/26/182 931/26/184 922/26/185
f 922/26/185 931/26/184 932/26/186 923/26/187
f 923/26/187 932/26/186 746/26/88 745/26/87
f 728/26/66 724/26/65 933/26/188 924/26/189
f 924/26/189 933/26/188 934/26/482 925/26/243
f 925/26/243 934/26/482 935/26/192 926/26/193
f 926/26/193 935/26/192 936/26/194 927/26/195
f 927/26/195 936/26/194 937/26/196 928/26/197
f 928/26/197 937/26/196 938/26/198 929/26/199
f 929/26/199 938/26/198 939/26/200 930/26/201
f 930/26/201 939/26/200 940/26/202 931/26/203
f 931/26/203 940/26/202 941/26/204 932/26/205
f 932/26/205 941/26/204 742/26/96 746/26/95
f 724/26/44 723/26/43 942/26/206 933/26/207
f 933/26/207 942/26/206 943/26/208 934/26/209
f 934/26/209 943/26/208 944/26/210 935/26/211
f 935/26/211 944/26/210 945/26/212 936/26/213
f 936/26/213 945/26/212 946/26/214 937/26/215
f 937/26/215 946/26/214 947/26/216 938/26/217
f 938/26/217 947/26/216 948/26/218 939/26/219
f 939/26/219 948/26/218 949/26/220 940/26/221
f 940/26/221 949/26/220 950/26/222 941/26/223
f 941/26/223 950/26/222 741/26/86 742/26/85
f 723/26/62 727/26/61 915/26/224 942/26/225
f 942/26/225 915/26/224 916/26/226 943/26/244
f 943/26/244 916/26/226 917/26/228 944/26/229
f 944/26/229 917/26/228 918/26/230 945/26/231
f 945/26/231 918/26/230 919/26/232 946/26/233
f 946/26/233 919/26/232 920/26/234 947/26/235
f 947/26/235 920/26/234 921/26/236 948/26/237
f 948/26/237 921/26/236 922/26/238 949/26/239
f 949/26/239 922/26/238 923/26/240 950/26/241
f 950/26/241 923/26/240 745/26/92 741/26/91
f 952/26/58 961/26/57 962/26/174 953/26/175
f 953/26/175 962/26/174 963/26/176 954/26/177
f 954/26/177 963/26/176 964/26/178 955/26/179
f 955/26/179 964/26/178 965/26/180 956/26/242
f 956/26/242 965/26/180 966/26/182 957/26/183
f 957/26/183 966/26/182 967/26/184 958/26/185
f 958/26/185 967/26/184 968/26/186 959/26/187
f 959/26/187 968/26/186 778/26/88 777/26/87
f 760/26/66 756/26/65 969/26/188 960/26/189
f 960/26/189 969/26/188 970/26/190 961/26/243
f 961/26/243 970/26/190 971/26/192 962/26/193
f 962/26/193 971/26/192 972/26/194 963/26/195
f 963/26/195 972/26/194 973/26/196 964/26/197
f 964/26/197 973/26/196 974/26/198 965/26/199
f 965/26/199 974/26/198 975/26/200 966/26/201
f 966/26/201 975/26/200 976/26/202 967/26/203
f 967/26/203 976/26/202 977/26/204 968/26/205
f 968/26/205 977/26/204 774/26/96 778/26/95
f 756/26/44 755/26/43 978/26/206 969/26/207
f 969/26/207 978/26/206 979/26/208 970/26/209
f 970/26/209 979/26/208 980/26/210 971/26/211
f 971/26/211 980/26/210 981/26/212 972/26/213
f 972/26/213 981/26/212 982/26/214 973/26/215
f 973/26/215 982/26/214 983/26/216 974/26/217
f 974/26/217 983/26/216 984/26/218 975/26/219
f 975/26/219 984/26/218 985/26/220 976/26/221
f 976/26/221 985/26/220 986/26/222 977/26/223
f 977/26/223 986/26/222 773/26/86 774/26/85
f 755/26/62 759/26/61 951/26/224 978/26/225
f 978/26/225 951/26/224 952/26/226 979/26/227
f 979/26/227 952/26/226 953/26/228 980/26/229
f 980/26/229 953/26/228 954/26/230 981/26/231
f 981/26/231 954/26/230 955/26/232 982/26/233
f 982/26/233 955/26/232 956/26/234 983/26/235
f 983/26/235 956/26/234 957/26/236 984/26/237
f 984/26/237 957/26/236 958/26/238 985/26/239
f 985/26/239 958/26/238 959/26/240 986/26/241
f 986/26/241 959/26/240 777/26/92 773/26/91
f 988/26/58 997/26/57 998/26/174 989/26/175
f 989/26/175 998/26/174 999/26/176 990/26/177
f 990/26/177 999/26/176 1000/26/178 991/26/179
f 991/26/179 1000/26/178 1001/26/180 992/26/242
f 992/26/242 1001/26/180 1002/26/182 993/26/183
f 993/26/183 1002/26/182 1003/26/184 994/26/185
f 994/26/185 1003/26/184 1004/26/186 995/26/187
f 995/26/187 1004/26/186 810/26/88 809/26/87
f 792/26/66 788/26/65 1005/26/188 996/26/189
f 996/26/189 1005/26/188 1006/26/190 997/26/243
f 997/26/243 1006/26/190 1007/26/192 998/26/193
f 998/26/193 1007/26/192 1008/26/194 999/26/195
f 999/26/195 1008/26/194 1009/26/196 1000/26/197
f 1000/26/197 1009/26/196 1010/26/198 1001/26/199
f 1001/26/199 1010/26/198 1011/26/200 1002/26/201
f 1002/26/201 1011/26/200 1012/26/202 1003/26/203
f 1003/26/203 1012/26/202 1013/26/204 1004/26/205
f 1004/26/205 1013/26/204 806/26/96 810/26/95
f 788/26/44 787/26/43 1014/26/206 1005/26/207
f 1005/26/207 1014/26/206 1015/26/208 1006/26/209
f 1006/26/209 1015/26/208 1016/26/210 1007/26/211
f 1007/26/211 1016/26/210 1017/26/212 1008/26/213
f 1008/26/213 1017/26/212 1018/26/214 1009/26/215
f 1009/26/215 1018/26/214 1019/26/216 1010/26/217
f 1010/26/217 1019/26/216 1020/26/218 1011/26/219
f 1011/26/219 1020/26/218 1021/26/220 1012/26/221
f 1012/26/221 1021/26/220 1022/26/222 1013/26/223
f 1013/26/223 1022/26/222 805/26/86 806/26/85
f 787/26/62 791/26/61 987/26/224 1014/26/225
f 1014/26/225 987/26/224 988/26/226 1015/26/244
f 1015/26/244 988/26/226 989/26/228 1016/26/229
f 1016/26/229 989/26/228 990/26/230 1017/26/231
f 1017/26/231 990/26/230 991/26/232 1018/26/233
f 1018/26/233 991/26/232 992/26/234 1019/26/235
f 1019/26/235 992/26/234 993/26/236 1020/26/237
f 1020/26/237 993/26/236 994/26/238 1021/26/239
f 1021/26/239 994/26/238 995/26/240 1022/26/241
f 1022/26/241 995/26/240 809/26/92 805/26/91
f 1024/26/58 1033/26/57 1034/26/174 1025/26/175
f 1025/26/175 1034/26/174 1035/26/176 1026/26/177
f 1026/26/177 1035/26/176 1036/26/178 1027/26/179
f 1027/26/179 1036/26/178 1037/26/180 1028/26/242
f 1028/26/242 1037/26/180 1038/26/182 1029/26/183
f 1029/26/183 1038/26/182 1039/26/184 1030/26/185
f 1030/26/185 1039/26/184 1040/26/186 1031/26/187
f 1031/26/187 1040/26/186 842/26/88 841/26/87
f 824/26/66 820/26/65 1041/26/188 1032/26/189
f 1032/26/189 1041/26/188 1042/26/190 1033/26/243
f 1033/26/243 1042/26/190 1043/26/192 1034/26/193
f 1034/26/193 1043/26/192 1044/26/194 1035/26/195
f 1035/26/195 1044/26/194 1045/26/196 1036/26/197
f 1036/26/197 1045/26/196 1046/26/198 1037/26/199
f 1037/26/199 1046/26/198 1047/26/200 1038/26/201
f 1038/26/201 1047/26/200 1048/26/202 1039/26/203
f 1039/26/203 1048/26/202 1049/26/204 1040/26/205
f 1040/26/205 1049/26/204 838/26/96 842/26/95
f 820/26/44 819/26/43 1050/26/206 1041/26/207
f 1041/26/207 1050/26/206 1051/26/208 1042/26/209
f 1042/26/209 1051/26/208 1052/26/210 1043/26/211
f 1043/26/211 1052/26/210 1053/26/212 1044/26/213
f 1044/26/213 1053/26/212 1054/26/214 1045/26/215
f 1045/26/215 1054/26/214 1055/26/216 1046/26/217
f 1046/26/217 1055/26/216 1056/26/218 1047/26/219
f 1047/26/219 1056/26/218 1057/26/220 1048/26/221
f 1048/26/221 1057/26/220 1058/26/222 1049/26/223
f 1049/26/223 1058/26/222 837/26/86 838/26/85
f 819/26/62 823/26/61 1023/26/224 1050/26/225
f 1050/26/225 1023/26/224 1024/26/226 1051/26/244
f 1051/26/244 1024/26/226 1025/26/228 1052/26/229
f 1052/26/229 1025/26/228 1026/26/230 1053/26/231
f 1053/26/231 1026/26/230 1027/26/232 1054/26/233
f 1054/26/233 1027/26/232 1028/26/234 1055/26/235
f 1055/26/235 1028/26/234 1029/26/236 1056/26/237
f 1056/26/237 1029/26/236 1030/26/238 1057/26/239
f 1057/26/239 1030/26/238 1031/26/240 1058/26/241
f 1058/26/241 1031/26/240 841/26/92 837/26/91
f 1060/26/24 1061/26/247 1070/26/248 1069/26/25
f 1061/26/247 1062/26/249 1071/26/250 1070/26/248
f 1062/26/249 1063/26/251 1072/26/252 1071/26/250
f 1063/26/251 1064/26/253 1073/26/254 1072/26/252
f 1064/26/253 1065/26/255 1074/26/256 1073/26/254
f 1065/26/255 1066/26/257 1075/26/258 1074/26/256
f 1066/26/257 1067/26/259 1076/26/260 1075/26/258
f 1067/26/259 767/26/74 768/26/73 1076/26/260
f 722/26/39 1068/26/261 1077/26/262 718/26/40
f 1068/26/261 1069/26/263 1078/26/264 1077/26/262
f 1069/26/263 1070/26/265 1079/26/266 1078/26/264
f 1070/26/265 1071/26/267 1080/26/268 1079/26/266
f 1071/26/267 1072/26/269 1081/26/270 1080/26/268
f 1072/26/269 1073/26/271 1082/26/272 1081/26/270
f 1073/26/271 1074/26/273 1083/26/274 1082/26/272
f 1074/26/273 1075/26/275 1084/26/276 1083/26/274
f 1075/26/275 1076/26/277 1085/26/278 1084/26/276
f 1076/26/277 768/26/82 764/26/81 1085/26/278
f 718/26/21 1077/26/279 1086/26/280 717/26/22
f 1077/26/279 1078/26/281 1087/26/282 1086/26/280
f 1078/26/281 1079/26/283 1088/26/284 1087/26/282
f 1079/26/283 1080/26/285 1089/26/286 1088/26/284
f 1080/26/285 1081/26/287 1090/26/288 1089/26/286
f 1081/26/287 1082/26/289 1091/26/290 1090/26/288
f 1082/26/289 1083/26/291 1092/26/292 1091/26/290
f 1083/26/291 1084/26/293 1093/26/294 1092/26/292
f 1084/26/293 1085/26/295 1094/26/296 1093/26/294
f 1085/26/295 764/26/68 763/26/67 1094/26/296
f 717/26/35 1086/26/297 1059/26/298 721/26/36
f 1086/26/297 1087/26/299 1060/26/300 1059/26/298
f 1087/26/299 1088/26/301 1061/26/302 1060/26/300
f 1088/26/301 1089/26/303 1062/26/483 1061/26/302
f 1089/26/303 1090/26/305 1063/26/306 1062/26/483
f 1090/26/305 1091/26/307 1064/26/308 1063/26/306
f 1091/26/307 1092/26/484 1065/26/485 1064/26/308
f 1092/26/484 1093/26/311 1066/26/312 1065/26/485
f 1093/26/311 1094/26/313 1067/26/314 1066/26/312
f 1094/26/313 763/26/78 767/26/77 1067/26/314
f 1096/26/24 1097/26/247 1106/26/248 1105/26/25
f 1097/26/247 1098/26/249 1107/26/250 1106/26/248
f 1098/26/249 1099/26/251 1108/26/252 1107/26/250
f 1099/26/251 1100/26/253 1109/26/254 1108/26/252
f 1100/26/253 1101/26/255 1110/26/256 1109/26/254
f 1101/26/255 1102/26/257 1111/26/258 1110/26/256
f 1102/26/257 1103/26/259 1112/26/260 1111/26/258
f 1103/26/259 799/26/74 800/26/73 1112/26/260
f 754/26/39 1104/26/261 1113/26/262 750/26/40
f 1104/26/261 1105/26/263 1114/26/264 1113/26/262
f 1105/26/263 1106/26/265 1115/26/266 1114/26/264
f 1106/26/265 1107/26/267 1116/26/268 1115/26/266
f 1107/26/267 1108/26/269 1117/26/270 1116/26/268
f 1108/26/269 1109/26/271 1118/26/272 1117/26/270
f 1109/26/271 1110/26/273 1119/26/274 1118/26/272
f 1110/26/273 1111/26/275 1120/26/276 1119/26/274
f 1111/26/275 1112/26/277 1121/26/278 1120/26/276
f 1112/26/277 800/26/82 796/26/81 1121/26/278
f 750/26/21 1113/26/279 1122/26/280 749/26/22
f 1113/26/279 1114/26/281 1123/26/282 1122/26/280
f 1114/26/281 1115/26/283 1124/26/284 1123/26/282
f 1115/26/283 1116/26/285 1125/26/286 1124/26/284
f 1116/26/285 1117/26/287 1126/26/288 1125/26/286
f 1117/26/287 1118/26/289 1127/26/290 1126/26/288
f 1118/26/289 1119/26/291 1128/26/292 1127/26/290
f 1119/26/291 1120/26/293 1129/26/294 1128/26/292
f 1120/26/293 1121/26/295 1130/26/296 1129/26/294
f 1121/26/295 796/26/68 795/26/67 1130/26/296
f 749/26/35 1122/26/297 1095/26/298 753/26/36
f 1122/26/297 1123/26/299 1096/26/300 1095/26/298
f 1123/26/299 1124/26/301 1097/26/302 1096/26/300
f 1124/26/301 1125/26/303 1098/26/483 1097/26/302
f 1125/26/303 1126/26/305 1099/26/306 1098/26/483
f 1126/26/305 1127/26/307 1100/26/308 1099/26/306
f 1127/26/307 1128/26/484 1101/26/485 1100/26/308
f 1128/26/484 1129/26/311 1102/26/312 1101/26/485
f 1129/26/311 1130/26/313 1103/26/314 1102/26/312
f 1130/26/313 795/26/78 799/26/77 1103/26/314
f 1132/26/24 1133/26/247 1142/26/248 1141/26/25
f 1133/26/247 1134/26/249 1143/26/250 1142/26/248
f 1134/26/249 1135/26/251 1144/26/252 1143/26/250
f 1135/26/251 1136/26/253 1145/26/254 1144/26/252
f 1136/26/253 1137/26/255 1146/26/256 1145/26/254
f 1137/26/255 1138/26/257 1147/26/258 1146/26/256
f 1138/26/257 1139/26/259 1148/26/260 1147/26/258
f 1139/26/259 831/26/74 832/26/73 1148/26/260
f 786/26/39 1140/26/261 1149/26/262 782/26/40
f 1140/26/261 1141/26/263 1150/26/264 1149/26/262
f 1141/26/263 1142/26/265 1151/26/266 1150/26/264
f 1142/26/265 1143/26/267 1152/26/268 1151/26/266
f 1143/26/267 1144/26/269 1153/26/270 1152/26/268
f 1144/26/269 1145/26/271 1154/26/272 1153/26/270
f 1145/26/271 1146/26/486 1155/26/274 1154/26/272
f 1146/26/486 1147/26/275 1156/26/276 1155/26/274
f 1147/26/275 1148/26/277 1157/26/278 1156/26/276
f 1148/26/277 832/26/82 828/26/81 1157/26/278
f 782/26/21 1149/26/279 1158/26/280 781/26/22
f 1149/26/279 1150/26/281 1159/26/282 1158/26/280
f 1150/26/281 1151/26/283 1160/26/284 1159/26/282
f 1151/26/283 1152/26/285 1161/26/286 1160/26/284
f 1152/26/285 1153/26/287 1162/26/288 1161/26/286
f 1153/26/287 1154/26/289 1163/26/290 1162/26/288
f 1154/26/289 1155/26/291 1164/26/292 1163/26/290
f 1155/26/291 1156/26/293 1165/26/294 1164/26/292
f 1156/26/293 1157/26/295 1166/26/296 1165/26/294
f 1157/26/295 828/26/68 827/26/67 1166/26/296
f 781/26/35 1158/26/297 1131/26/298 785/26/36
f 1158/26/297 1159/26/299 1132/26/300 1131/26/298
f 1159/26/299 1160/26/301 1133/26/302 1132/26/300
f 1160/26/301 1161/26/303 1134/26/483 1133/26/302
f 1161/26/303 1162/26/305 1135/26/306 1134/26/483
f 1162/26/305 1163/26/307 1136/26/308 1135/26/306
f 1163/26/307 1164/26/484 1137/26/310 1136/26/308
f 1164/26/484 1165/26/311 1138/26/312 1137/26/310
f 1165/26/311 1166/26/313 1139/26/314 1138/26/312
f 1166/26/313 827/26/78 831/26/77 1139/26/314
f 1168/26/50 1177/26/49 1178/26/106 1169/26/107
f 1169/26/107 1178/26/106 1179/26/108 1170/26/109
f 1170/26/109 1179/26/108 1180/26/110 1171/26/111
f 1171/26/111 1180/26/110 1181/26/112 1172/26/113
f 1172/26/113 1181/26/112 1182/26/114 1173/26/115
f 1173/26/115 1182/26/114 1183/26/116 1174/26/117
f 1174/26/117 1183/26/116 1184/26/118 1175/26/119
f 1175/26/119 1184/26/118 834/26/72 833/26/71
f 822/26/64 826/26/63 1185/26/120 1176/26/121
f 1176/26/121 1185/26/120 1186/26/122 1177/26/123
f 1177/26/123 1186/26/122 1187/26/124 1178/26/125
f 1178/26/125 1187/26/124 1188/26/126 1179/26/127
f 1179/26/127 1188/26/126 1189/26/128 1180/26/129
f 1180/26/129 1189/26/128 1190/26/130 1181/26/321
f 1181/26/321 1190/26/130 1191/26/132 1182/26/133
f 1182/26/133 1191/26/132 1192/26/134 1183/26/135
f 1183/26/135 1192/26/134 1193/26/136 1184/26/137
f 1184/26/137 1193/26/136 830/26/80 834/26/79
f 826/26/52 825/26/51 1194/26/138 1185/26/139
f 1185/26/139 1194/26/138 1195/26/140 1186/26/141
f 1186/26/141 1195/26/140 1196/26/142 1187/26/143
f 1187/26/143 1196/26/142 1197/26/144 1188/26/145
f 1188/26/145 1197/26/144 1198/26/146 1189/26/147
f 1189/26/147 1198/26/146 1199/26/148 1190/26/149
f 1190/26/149 1199/26/148 1200/26/150 1191/26/151
f 1191/26/151 1200/26/150 1201/26/152 1192/26/153
f 1192/26/153 1201/26/152 1202/26/154 1193/26/155
f 1193/26/155 1202/26/154 829/26/70 830/26/69
f 825/26/60 821/26/59 1167/26/156 1194/26/157
f 1194/26/157 1167/26/156 1168/26/158 1195/26/159
f 1195/26/159 1168/26/158 1169/26/160 1196/26/161
f 1196/26/161 1169/26/160 1170/26/162 1197/26/163
f 1197/26/163 1170/26/162 1171/26/164 1198/26/165
f 1198/26/165 1171/26/164 1172/26/166 1199/26/167
f 1199/26/167 1172/26/166 1173/26/168 1200/26/169
f 1200/26/169 1173/26/168 1174/26/170 1201/26/171
f 1201/26/171 1174/26/170 1175/26/172 1202/26/173
f 1202/26/173 1175/26/172 833/26/76 829/26/75
f 1204/26/50 1213/26/49 1214/26/106 1205/26/107
f 1205/26/107 1214/26/106 1215/26/108 1206/26/109
f 1206/26/109 1215/26/108 1216/26/110 1207/26/111
f 1207/26/111 1216/26/110 1217/26/112 1208/26/113
f 1208/26/113 1217/26/112 1218/26/114 1209/26/115
f 1209/26/115 1218/26/114 1219/26/116 1210/26/117
f 1210/26/117 1219/26/116 1220/26/118 1211/26/119
f 1211/26/119 1220/26/118 802/26/72 801/26/71
f 790/26/64 794/26/63 1221/26/120 1212/26/121
f 1212/26/121 1221/26/120 1222/26/122 1213/26/123
f 1213/26/123 1222/26/122 1223/26/124 1214/26/125
f 1214/26/125 1223/26/124 1224/26/126 1215/26/127
f 1215/26/127 1224/26/126 1225/26/128 1216/26/129
f 1216/26/129 1225/26/128 1226/26/130 1217/26/321
f 1217/26/321 1226/26/130 1227/26/132 1218/26/133
f 1218/26/133 1227/26/132 1228/26/134 1219/26/135
f 1219/26/135 1228/26/134 1229/26/136 1220/26/137
f 1220/26/137 1229/26/136 798/26/80 802/26/79
f 794/26/52 793/26/51 1230/26/138 1221/26/139
f 1221/26/139 1230/26/138 1231/26/140 1222/26/141
f 1222/26/141 1231/26/140 1232/26/142 1223/26/143
f 1223/26/143 1232/26/142 1233/26/144 1224/26/145
f 1224/26/145 1233/26/144 1234/26/146 1225/26/147
f 1225/26/147 1234/26/146 1235/26/148 1226/26/149
f 1226/26/149 1235/26/148 1236/26/150 1227/26/151
f 1227/26/151 1236/26/150 1237/26/152 1228/26/153
f 1228/26/153 1237/26/152 1238/26/154 1229/26/155
f 1229/26/155 1238/26/154 797/26/70 798/26/69
f 793/26/60 789/26/59 1203/26/156 1230/26/157
f 1230/26/157 1203/26/156 1204/26/158 1231/26/159
f 1231/26/159 1204/26/158 1205/26/160 1232/26/161
f 1232/26/161 1205/26/160 1206/26/162 1233/26/163
f 1233/26/163 1206/26/162 1207/26/164 1234/26/165
f 1234/26/165 1207/26/164 1208/26/166 1235/26/167
f 1235/26/167 1208/26/166 1209/26/168 1236/26/169
f 1236/26/169 1209/26/168 1210/26/170 1237/26/171
f 1237/26/171 1210/26/170 1211/26/172 1238/26/173
f 1238/26/173 1211/26/172 801/26/76 797/26/75
f 1240/26/50 1249/26/49 1250/26/106 1241/26/107
f 1241/26/107 1250/26/106 1251/26/108 1242/26/109
f 1242/26/109 1251/26/108 1252/26/110 1243/26/111
f 1243/26/111 1252/26/110 1253/26/112 1244/26/113
f 1244/26/113 1253/26/112 1254/26/114 1245/26/115
f 1245/26/115 1254/26/114 1255/26/116 1246/26/117
f 1246/26/117 1255/26/116 1256/26/118 1247/26/119
f 1247/26/119 1256/26/118 770/26/72 769/26/71
f 758/26/64 762/26/63 1257/26/120 1248/26/121
f 1248/26/121 1257/26/120 1258/26/122 1249/26/123
f 1249/26/123 1258/26/122 1259/26/124 1250/26/125
f 1250/26/125 1259/26/124 1260/26/126 1251/26/127
f 1251/26/127 1260/26/126 1261/26/128 1252/26/129
f 1252/26/129 1261/26/128 1262/26/130 1253/26/131
f 1253/26/131 1262/26/130 1263/26/132 1254/26/133
f 1254/26/133 1263/26/132 1264/26/134 1255/26/135
f 1255/26/135 1264/26/134 1265/26/136 1256/26/137
f 1256/26/137 1265/26/136 766/26/80 770/26/79
f 762/26/52 761/26/51 1266/26/138 1257/26/139
f 1257/26/139 1266/26/138 1267/26/140 1258/26/141
f 1258/26/141 1267/26/140 1268/26/142 1259/26/143
f 1259/26/143 1268/26/142 1269/26/144 1260/26/145
f 1260/26/145 1269/26/144 1270/26/146 1261/26/147
f 1261/26/147 1270/26/146 1271/26/148 1262/26/149
f 1262/26/149 1271/26/148 1272/26/150 1263/26/151
f 1263/26/151 1272/26/150 1273/26/152 1264/26/153
f 1264/26/153 1273/26/152 1274/26/154 1265/26/155
f 1265/26/155 1274/26/154 765/26/70 766/26/69
f 761/26/60 757/26/59 1239/26/156 1266/26/157
f 1266/26/157 1239/26/156 1240/26/158 1267/26/159
f 1267/26/159 1240/26/158 1241/26/160 1268/26/161
f 1268/26/161 1241/26/160 1242/26/162 1269/26/163
f 1269/26/163 1242/26/162 1243/26/164 1270/26/165
f 1270/26/165 1243/26/164 1244/26/319 1271/26/167
f 1271/26/167 1244/26/319 1245/26/168 1272/26/169
f 1272/26/169 1245/26/168 1246/26/170 1273/26/171
f 1273/26/171 1246/26/170 1247/26/172 1274/26/173
f 1274/26/173 1247/26/172 769/26/76 765/26/75
f 1276/26/32 1277/26/322 1286/26/323 1285/26/33
f 1277/26/322 1278/26/324 1287/26/325 1286/26/323
f 1278/26/324 1279/26/326 1288/26/327 1287/26/325
f 1279/26/326 1280/26/328 1289/26/329 1288/26/327
f 1280/26/328 1281/26/330 1290/26/331 1289/26/329
f 1281/26/330 1282/26/332 1291/26/333 1290/26/331
f 1282/26/332 1283/26/334 1292/26/335 1291/26/333
f 1283/26/334 839/26/90 840/26/89 1292/26/335
f 812/26/41 1284/26/336 1293/26/337 816/26/99
f 1284/26/336 1285/26/338 1294/26/339 1293/26/337
f 1285/26/338 1286/26/340 1295/26/341 1294/26/339
f 1286/26/340 1287/26/342 1296/26/343 1295/26/341
f 1287/26/342 1288/26/344 1297/26/345 1296/26/343
f 1288/26/344 1289/26/346 1298/26/347 1297/26/345
f 1289/26/346 1290/26/348 1299/26/349 1298/26/347
f 1290/26/348 1291/26/350 1300/26/351 1299/26/349
f 1291/26/350 1292/26/352 1301/26/353 1300/26/351
f 1292/26/352 840/26/98 836/26/97 1301/26/353
f 816/26/29 1293/26/354 1302/26/355 815/26/30
f 1293/26/354 1294/26/356 1303/26/357 1302/26/355
f 1294/26/356 1295/26/358 1304/26/359 1303/26/357
f 1295/26/358 1296/26/360 1305/26/361 1304/26/359
f 1296/26/360 1297/26/362 1306/26/363 1305/26/361
f 1297/26/362 1298/26/364 1307/26/365 1306/26/363
f 1298/26/364 1299/26/366 1308/26/367 1307/26/365
f 1299/26/366 1300/26/368 1309/26/369 1308/26/367
f 1300/26/368 1301/26/370 1310/26/371 1309/26/369
f 1301/26/370 836/26/84 835/26/83 1310/26/371
f 815/26/101 1302/26/372 1275/26/373 811/26/38
f 1302/26/372 1303/26/374 1276/26/375 1275/26/373
f 1303/26/374 1304/26/376 1277/26/377 1276/26/375
f 1304/26/376 1305/26/378 1278/26/390 1277/26/377
f 1305/26/378 1306/26/380 1279/26/381 1278/26/390
f 1306/26/380 1307/26/382 1280/26/383 1279/26/381
f 1307/26/382 1308/26/384 1281/26/385 1280/26/383
f 1308/26/384 1309/26/386 1282/26/387 1281/26/385
f 1309/26/386 1310/26/388 1283/26/389 1282/26/387
f 1310/26/388 835/26/94 839/26/93 1283/26/389
f 1312/26/32 1313/26/322 1322/26/323 1321/26/33
f 1313/26/322 1314/26/324 1323/26/325 1322/26/323
f 1314/26/324 1315/26/326 1324/26/327 1323/26/325
f 1315/26/326 1316/26/328 1325/26/329 1324/26/327
f 1316/26/328 1317/26/330 1326/26/331 1325/26/329
f 1317/26/330 1318/26/332 1327/26/333 1326/26/331
f 1318/26/332 1319/26/334 1328/26/335 1327/26/333
f 1319/26/334 807/26/90 808/26/89 1328/26/335
f 780/26/41 1320/26/336 1329/26/337 784/26/42
f 1320/26/336 1321/26/338 1330/26/339 1329/26/337
f 1321/26/338 1322/26/340 1331/26/341 1330/26/339
f 1322/26/340 1323/26/342 1332/26/343 1331/26/341
f 1323/26/342 1324/26/344 1333/26/345 1332/26/343
f 1324/26/344 1325/26/346 1334/26/347 1333/26/345
f 1325/26/346 1326/26/348 1335/26/349 1334/26/347
f 1326/26/348 1327/26/350 1336/26/351 1335/26/349
f 1327/26/350 1328/26/352 1337/26/353 1336/26/351
f 1328/26/352 808/26/98 804/26/97 1337/26/353
f 784/26/29 1329/26/354 1338/26/355 783/26/30
f 1329/26/354 1330/26/356 1339/26/357 1338/26/355
f 1330/26/356 1331/26/358 1340/26/359 1339/26/357
f 1331/26/358 1332/26/360 1341/26/361 1340/26/359
f 1332/26/360 1333/26/362 1342/26/363 1341/26/361
f 1333/26/362 1334/26/364 1343/26/365 1342/26/363
f 1334/26/364 1335/26/366 1344/26/367 1343/26/365
f 1335/26/366 1336/26/368 1345/26/369 1344/26/367
f 1336/26/368 1337/26/370 1346/26/371 1345/26/369
f 1337/26/370 804/26/84 803/26/83 1346/26/371
f 783/26/101 1338/26/372 1311/26/373 779/26/38
f 1338/26/372 1339/26/374 1312/26/375 1311/26/373
f 1339/26/374 1340/26/376 1313/26/377 1312/26/375
f 1340/26/376 1341/26/378 1314/26/390 1313/26/377
f 1341/26/378 1342/26/380 1315/26/381 1314/26/390
f 1342/26/380 1343/26/382 1316/26/383 1315/26/381
f 1343/26/382 1344/26/384 1317/26/385 1316/26/383
f 1344/26/384 1345/26/386 1318/26/387 1317/26/385
f 1345/26/386 1346/26/388 1319/26/389 1318/26/387
f 1346/26/388 803/26/94 807/26/93 1319/26/389
f 1348/26/32 1349/26/322 1358/26/323 1357/26/33
f 1349/26/322 1350/26/324 1359/26/325 1358/26/323
f 1350/26/324 1351/26/326 1360/26/327 1359/26/325
f 1351/26/326 1352/26/328 1361/26/329 1360/26/327
f 1352/26/328 1353/26/330 1362/26/331 1361/26/329
f 1353/26/330 1354/26/332 1363/26/333 1362/26/331
f 1354/26/332 1355/26/334 1364/26/335 1363/26/333
f 1355/26/334 775/26/90 776/26/89 1364/26/335
f 748/26/41 1356/26/336 1365/26/337 752/26/99
f 1356/26/336 1357/26/338 1366/26/339 1365/26/337
f 1357/26/338 1358/26/340 1367/26/341 1366/26/339
f 1358/26/340 1359/26/391 1368/26/343 1367/26/341
f 1359/26/391 1360/26/344 1369/26/345 1368/26/343
f 1360/26/344 1361/26/346 1370/26/347 1369/26/345
f 1361/26/346 1362/26/348 1371/26/349 1370/26/347
f 1362/26/348 1363/26/350 1372/26/351 1371/26/349
f 1363/26/350 1364/26/352 1373/26/353 1372/26/351
f 1364/26/352 776/26/98 772/26/97 1373/26/353
f 752/26/29 1365/26/354 1374/26/355 751/26/30
f 1365/26/354 1366/26/356 1375/26/357 1374/26/355
f 1366/26/356 1367/26/358 1376/26/359 1375/26/357
f 1367/26/358 1368/26/360 1377/26/361 1376/26/359
f 1368/26/360 1369/26/362 1378/26/363 1377/26/361
f 1369/26/362 1370/26/364 1379/26/365 1378/26/363
f 1370/26/364 1371/26/366 1380/26/367 1379/26/365
f 1371/26/366 1372/26/368 1381/26/369 1380/26/367
f 1372/26/368 1373/26/370 1382/26/371 1381/26/369
f 1373/26/370 772/26/84 771/26/83 1382/26/371
f 751/26/37 1374/26/372 1347/26/373 747/26/38
f 1374/26/372 1375/26/374 1348/26/375 1347/26/373
f 1375/26/374 1376/26/376 1349/26/377 1348/26/375
f 1376/26/376 1377/26/378 1350/26/379 1349/26/377
f 1377/26/378 1378/26/380 1351/26/381 1350/26/379
f 1378/26/380 1379/26/382 1352/26/383 1351/26/381
f 1379/26/382 1380/26/384 1353/26/385 1352/26/383
f 1380/26/384 1381/26/386 1354/26/387 1353/26/385
f 1381/26/386 1382/26/388 1355/26/389 1354/26/387
f 1382/26/388 771/26/94 775/26/93 1355/26/389
f 1384/26/32 1385/26/322 1394/26/323 1393/26/33
f 1385/26/322 1386/26/324 1395/26/325 1394/26/323
f 1386/26/324 1387/26/326 1396/26/327 1395/26/325
f 1387/26/326 1388/26/328 1397/26/329 1396/26/327
f 1388/26/328 1389/26/330 1398/26/331 1397/26/329
f 1389/26/330 1390/26/332 1399/26/333 1398/26/331
f 1390/26/332 1391/26/334 1400/26/335 1399/26/333
f 1391/26/334 743/26/90 744/26/89 1400/26/335
f 716/26/41 1392/26/336 1401/26/337 720/26/42
f 1392/26/336 1393/26/338 1402/26/339 1401/26/337
f 1393/26/338 1394/26/340 1403/26/341 1402/26/339
f 1394/26/340 1395/26/342 1404/26/343 1403/26/341
f 1395/26/342 1396/26/344 1405/26/345 1404/26/343
f 1396/26/344 1397/26/346 1406/26/347 1405/26/345
f 1397/26/346 1398/26/348 1407/26/349 1406/26/347
f 1398/26/348 1399/26/350 1408/26/351 1407/26/349
f 1399/26/350 1400/26/352 1409/26/353 1408/26/351
f 1400/26/352 744/26/98 740/26/97 1409/26/353
f 720/26/29 1401/26/354 1410/26/355 719/26/30
f 1401/26/354 1402/26/356 1411/26/357 1410/26/355
f 1402/26/356 1403/26/358 1412/26/359 1411/26/357
f 1403/26/358 1404/26/360 1413/26/361 1412/26/359
f 1404/26/360 1405/26/362 1414/26/363 1413/26/361
f 1405/26/362 1406/26/364 1415/26/365 1414/26/363
f 1406/26/364 1407/26/366 1416/26/367 1415/26/365
f 1407/26/366 1408/26/368 1417/26/369 1416/26/367
f 1408/26/368 1409/26/370 1418/26/371 1417/26/369
f 1409/26/370 740/26/84 739/26/83 1418/26/371
f 719/26/37 1410/26/372 1383/26/373 715/26/38
f 1410/26/372 1411/26/374 1384/26/375 1383/26/373
f 1411/26/374 1412/26/376 1385/26/377 1384/26/375
f 1412/26/376 1413/26/378 1386/26/379 1385/26/377
f 1413/26/378 1414/26/380 1387/26/381 1386/26/379
f 1414/26/380 1415/26/382 1388/26/383 1387/26/381
f 1415/26/382 1416/26/384 1389/26/385 1388/26/383
f 1416/26/384 1417/26/386 1390/26/387 1389/26/385
f 1417/26/386 1418/26/388 1391/26/389 1390/26/387
f 1418/26/388 739/26/94 743/26/93 1391/26/389
f 1419/26/259 1428/26/260 1429/26/258 1420/26/257
f 59/26/74 60/26/73 1428/26/260 1419/26/259
f 1420/26/257 1429/26/258 1430/26/256 1421/26/255
f 1421/26/255 1430/26/256 1431/26/254 1422/26/253
f 1422/26/253 1431/26/254 1432/26/252 1423/26/251
f 1423/26/251 1432/26/252 1433/26/250 1424/26/249
f 1424/26/249 1433/26/250 1434/26/248 1425/26/247
f 1425/26/247 1434/26/248 1435/26/25 1426/26/24
f 1426/26/24 1435/26/25 1436/26/26 1427/26/23
f 1427/26/23 1436/26/26 818/26/28 817/26/27
f 60/26/82 56/26/81 1437/26/278 1428/26/277
f 1428/26/277 1437/26/278 1438/26/276 1429/26/275
f 1429/26/275 1438/26/276 1439/26/274 1430/26/486
f 1430/26/486 1439/26/274 1440/26/272 1431/26/271
f 1431/26/271 1440/26/272 1441/26/270 1432/26/269
f 1432/26/269 1441/26/270 1442/26/268 1433/26/267
f 1433/26/267 1442/26/268 1443/26/266 1434/26/265
f 1434/26/265 1443/26/266 1444/26/264 1435/26/263
f 1435/26/263 1444/26/264 1445/26/262 1436/26/261
f 1436/26/261 1445/26/262 814/26/40 818/26/39
f 56/26/68 55/26/67 1446/26/296 1437/26/295
f 1437/26/295 1446/26/296 1447/26/294 1438/26/293
f 1438/26/293 1447/26/294 1448/26/292 1439/26/291
f 1439/26/291 1448/26/292 1449/26/290 1440/26/289
f 1440/26/289 1449/26/290 1450/26/288 1441/26/287
f 1441/26/287 1450/26/288 1451/26/286 1442/26/285
f 1442/26/285 1451/26/286 1452/26/284 1443/26/283
f 1443/26/283 1452/26/284 1453/26/282 1444/26/281
f 1444/26/281 1453/26/282 1454/26/280 1445/26/279
f 1445/26/279 1454/26/280 813/26/22 814/26/21
f 55/26/78 59/26/77 1419/26/314 1446/26/313
f 1446/26/313 1419/26/314 1420/26/312 1447/26/311
f 1447/26/311 1420/26/312 1421/26/310 1448/26/484
f 1448/26/484 1421/26/310 1422/26/308 1449/26/307
f 1449/26/307 1422/26/308 1423/26/306 1450/26/305
f 1450/26/305 1423/26/306 1424/26/483 1451/26/303
f 1451/26/303 1424/26/483 1425/26/302 1452/26/301
f 1452/26/301 1425/26/302 1426/26/300 1453/26/299
f 1453/26/299 1426/26/300 1427/26/298 1454/26/297
f 1454/26/297 1427/26/298 817/26/36 813/26/35
